TSid,createdBy,dataSetName,siteName,countryOcean,lat,lon,elevation,pub1_year,pub1_authors,pub1_title,pub1_journal,pub1_pages,pub1_issue,pub1_volume,pub1_citeKey,pub1_doi,pub2_doi,originalDataUrl,neotomaDatasetId,archiveType,proxyGeneral,proxy,proxyDetail,calibration_method,calibration_seasonality,paleoDataNotes,variableName,units,datum,climateVariable,climateVariableDetail,seasonality,seasonGeneral,meanHoloceneValue,direction,minYear,maxYear,medianHoloceneResolution,agesPerKyr,otherAgesPerKyr,inCompilation,inThisCompilation,QC Certification,QC comments,link to lipdverse,Remaining issues
RGrFMzE0MFm,PalMod2LiPD,117_723A.Godad.2011,117_723A,Indian Ocean>Arabian Sea,18.0518,57.609,-806,2011,"Godad, Shital P.; Naidu, Pothuri Divakar; Malmgren, Bjorn A.",Sea surface temperature changes during May and August in the western Arabian Sea over the last 22 kyr: Implications as to shifting of the upwelling season,Marine Micropaleontology,25   29,2-Jan,78,T3EIXLSV,10.1016/j.marmicro.2010.09.006,10.1016/S0031-0182(03)00629-1,"10.1594/PANGAEA.775098,10.1594/PANGAEA.695217",,MarineSediment,,,,,,,depth,m,,,,,,2.145,,950,19130,490,1.266968326,0,,TRUE,,,http://lipdverse.org/test/0_8_1/117_723A.Godad.2011.html,
R4bO24Jas1Z,PalMod2LiPD,117_723A.Godad.2011,117_723A,Indian Ocean>Arabian Sea,18.0518,57.609,-806,2011,"Godad, Shital P.; Naidu, Pothuri Divakar; Malmgren, Bjorn A.",Sea surface temperature changes during May and August in the western Arabian Sea over the last 22 kyr: Implications as to shifting of the upwelling season,Marine Micropaleontology,25   29,2-Jan,78,T3EIXLSV,10.1016/j.marmicro.2010.09.006,10.1016/S0031-0182(03)00629-1,"10.1594/PANGAEA.775098,10.1594/PANGAEA.695217",,MarineSediment,,,,,,,age,BP,,,,,,7116.666667,,950,19130,490,1.266968326,0,,TRUE,,,http://lipdverse.org/test/0_8_1/117_723A.Godad.2011.html,
Rwjoz3Y1iEf,PalMod2LiPD,117_723A.Godad.2011,117_723A,Indian Ocean>Arabian Sea,18.0518,57.609,-806,2011,"Godad, Shital P.; Naidu, Pothuri Divakar; Malmgren, Bjorn A.",Sea surface temperature changes during May and August in the western Arabian Sea over the last 22 kyr: Implications as to shifting of the upwelling season,Marine Micropaleontology,25   29,2-Jan,78,T3EIXLSV,10.1016/j.marmicro.2010.09.006,10.1016/S0031-0182(03)00629-1,"10.1594/PANGAEA.775098,10.1594/PANGAEA.695217",,MarineSediment,,,planktic foraminifera calcite,,,,planktic.d18O,permil,,,,,,-1.355416667,,950,19130,490,1.266968326,0,,TRUE,,,http://lipdverse.org/test/0_8_1/117_723A.Godad.2011.html,
R6K3Z9hZfeN,PalMod2LiPD,117_723A.Godad.2011,117_723A,Indian Ocean>Arabian Sea,18.0518,57.609,-806,2011,"Godad, Shital P.; Naidu, Pothuri Divakar; Malmgren, Bjorn A.",Sea surface temperature changes during May and August in the western Arabian Sea over the last 22 kyr: Implications as to shifting of the upwelling season,Marine Micropaleontology,25   29,2-Jan,78,T3EIXLSV,10.1016/j.marmicro.2010.09.006,10.1016/S0031-0182(03)00629-1,"10.1594/PANGAEA.775098,10.1594/PANGAEA.695217",,MarineSediment,,,,,,,depth,m,,,,,,1.759090909,,500,22260,325,1.217391304,0,,TRUE,,,http://lipdverse.org/test/0_8_1/117_723A.Godad.2011.html,
RxYtlVdChDE,PalMod2LiPD,117_723A.Godad.2011,117_723A,Indian Ocean>Arabian Sea,18.0518,57.609,-806,2011,"Godad, Shital P.; Naidu, Pothuri Divakar; Malmgren, Bjorn A.",Sea surface temperature changes during May and August in the western Arabian Sea over the last 22 kyr: Implications as to shifting of the upwelling season,Marine Micropaleontology,25   29,2-Jan,78,T3EIXLSV,10.1016/j.marmicro.2010.09.006,10.1016/S0031-0182(03)00629-1,"10.1594/PANGAEA.775098,10.1594/PANGAEA.695217",,MarineSediment,,,,,,,age,BP,,,,,,6537.878788,,500,22260,325,1.217391304,0,,TRUE,,,http://lipdverse.org/test/0_8_1/117_723A.Godad.2011.html,
RL0SCEeYVWU,PalMod2LiPD,117_723A.Godad.2011,117_723A,Indian Ocean>Arabian Sea,18.0518,57.609,-806,2011,"Godad, Shital P.; Naidu, Pothuri Divakar; Malmgren, Bjorn A.",Sea surface temperature changes during May and August in the western Arabian Sea over the last 22 kyr: Implications as to shifting of the upwelling season,Marine Micropaleontology,25   29,2-Jan,78,T3EIXLSV,10.1016/j.marmicro.2010.09.006,10.1016/S0031-0182(03)00629-1,"10.1594/PANGAEA.775098,10.1594/PANGAEA.695217",,MarineSediment,other microfossil,foraminifera,assemblage,,,Calculated based on 10.1029/2004PA001078,temperature,degC,abs,T,sea@surface,5,summerOnly,29.03269697,positive,500,22260,325,1.217391304,0,Temp12k,TRUE,PMS,there is also an August SST,http://lipdverse.org/test/0_8_1/117_723A.Godad.2011.html,
RVwo44cKoew,PalMod2LiPD,117_723A.Godad.2011,117_723A,Indian Ocean>Arabian Sea,18.0518,57.609,-806,2011,"Godad, Shital P.; Naidu, Pothuri Divakar; Malmgren, Bjorn A.",Sea surface temperature changes during May and August in the western Arabian Sea over the last 22 kyr: Implications as to shifting of the upwelling season,Marine Micropaleontology,25   29,2-Jan,78,T3EIXLSV,10.1016/j.marmicro.2010.09.006,10.1016/S0031-0182(03)00629-1,"10.1594/PANGAEA.775098,10.1594/PANGAEA.695217",,MarineSediment,,,planktic foraminifera assemblage,,,ANN,temperature,degC,,S,,,,24.11024242,,500,22260,325,1.217391304,0,Tverse,TRUE,,,http://lipdverse.org/test/0_8_1/117_723A.Godad.2011.html,
RF6p6FnD37J,matlab,161_976.Martrat.2014,161_976,Atlantic Ocean>North Atlantic Ocean>Mediterranean Sea,36.2054,-4.3127,-1108,2014,"Martrat, Belen; Jimenez-Amat, Patricia; Zahn, Rainer; Grimalt, Joan O.",Similarities and dissimilarities between the last two deglaciations and interglaciations in the North Atlantic region,Quaternary Science Reviews,122   134,,99,R2YZVPE9,10.1016/j.quascirev.2014.06.016,10.1002/2014PA002710,"10.1594/PANGAEA.787827,10.1594/PANGAEA.847255,10.1594/PANGAEA.847256",,MarineSediment,,,,,,,depth,m,,,,,,1.923370166,,185,149480,53,0.5078290309,0,,TRUE,,,http://lipdverse.org/test/0_8_1/161_976.Martrat.2014.html,
RpWJmk8tdl2,matlab,161_976.Martrat.2014,161_976,Atlantic Ocean>North Atlantic Ocean>Mediterranean Sea,36.2054,-4.3127,-1108,2014,"Martrat, Belen; Jimenez-Amat, Patricia; Zahn, Rainer; Grimalt, Joan O.",Similarities and dissimilarities between the last two deglaciations and interglaciations in the North Atlantic region,Quaternary Science Reviews,122   134,,99,R2YZVPE9,10.1016/j.quascirev.2014.06.016,10.1002/2014PA002710,"10.1594/PANGAEA.787827,10.1594/PANGAEA.847255,10.1594/PANGAEA.847256",,MarineSediment,,,,,,,age,BP,,,,,,6546.359116,,185,149480,53,0.5078290309,0,,TRUE,,,http://lipdverse.org/test/0_8_1/161_976.Martrat.2014.html,
R56JsH0b7h7,matlab,161_976.Martrat.2014,161_976,Atlantic Ocean>North Atlantic Ocean>Mediterranean Sea,36.2054,-4.3127,-1108,2014,"Martrat, Belen; Jimenez-Amat, Patricia; Zahn, Rainer; Grimalt, Joan O.",Similarities and dissimilarities between the last two deglaciations and interglaciations in the North Atlantic region,Quaternary Science Reviews,122   134,,99,R2YZVPE9,10.1016/j.quascirev.2014.06.016,10.1002/2014PA002710,"10.1594/PANGAEA.787827,10.1594/PANGAEA.847255,10.1594/PANGAEA.847256",,MarineSediment,alkenone,alkenone,UK37,calculated after Mueller et al. (1998),,,temperature,degC,abs,T,sea@surface,annual,annual,18.2359116,positive,185,149480,53,0.5078290309,0,Temp12k,TRUE,"PMS, OC","fails age control (one 4400 year gap), but otherwise solid age model- keep; missing origional UK37 data (no Bayesian recalibration)",http://lipdverse.org/test/0_8_1/161_976.Martrat.2014.html,
RFPqL4xjYcE,matlab,161_976.Martrat.2014,161_976,Atlantic Ocean>North Atlantic Ocean>Mediterranean Sea,36.2054,-4.3127,-1108,2014,"Martrat, Belen; Jimenez-Amat, Patricia; Zahn, Rainer; Grimalt, Joan O.",Similarities and dissimilarities between the last two deglaciations and interglaciations in the North Atlantic region,Quaternary Science Reviews,122   134,,99,R2YZVPE9,10.1016/j.quascirev.2014.06.016,10.1002/2014PA002710,"10.1594/PANGAEA.787827,10.1594/PANGAEA.847255,10.1594/PANGAEA.847256",,MarineSediment,,,bulk sediment,,,,C37.concentration,g,,,,,,586.8674033,,185,149480,53,0.5078290309,0,,TRUE,,,http://lipdverse.org/test/0_8_1/161_976.Martrat.2014.html,
Rn2tbdX4mhO,matlab,161_976.Martrat.2014,161_976,Atlantic Ocean>North Atlantic Ocean>Mediterranean Sea,36.2054,-4.3127,-1108,2014,"Martrat, Belen; Jimenez-Amat, Patricia; Zahn, Rainer; Grimalt, Joan O.",Similarities and dissimilarities between the last two deglaciations and interglaciations in the North Atlantic region,Quaternary Science Reviews,122   134,,99,R2YZVPE9,10.1016/j.quascirev.2014.06.016,10.1002/2014PA002710,"10.1594/PANGAEA.787827,10.1594/PANGAEA.847255,10.1594/PANGAEA.847256",,MarineSediment,,,,,,,depth,m,,,,,,1.865988372,,150,146260,80,0.5063291139,0,,TRUE,,,http://lipdverse.org/test/0_8_1/161_976.Martrat.2014.html,
RARmrjSNhwA,matlab,161_976.Martrat.2014,161_976,Atlantic Ocean>North Atlantic Ocean>Mediterranean Sea,36.2054,-4.3127,-1108,2014,"Martrat, Belen; Jimenez-Amat, Patricia; Zahn, Rainer; Grimalt, Joan O.",Similarities and dissimilarities between the last two deglaciations and interglaciations in the North Atlantic region,Quaternary Science Reviews,122   134,,99,R2YZVPE9,10.1016/j.quascirev.2014.06.016,10.1002/2014PA002710,"10.1594/PANGAEA.787827,10.1594/PANGAEA.847255,10.1594/PANGAEA.847256",,MarineSediment,,,,,,,label,,,,,,,,,,,80,,,,TRUE,,,http://lipdverse.org/test/0_8_1/161_976.Martrat.2014.html,
RSAKUtFTyUX,matlab,161_976.Martrat.2014,161_976,Atlantic Ocean>North Atlantic Ocean>Mediterranean Sea,36.2054,-4.3127,-1108,2014,"Martrat, Belen; Jimenez-Amat, Patricia; Zahn, Rainer; Grimalt, Joan O.",Similarities and dissimilarities between the last two deglaciations and interglaciations in the North Atlantic region,Quaternary Science Reviews,122   134,,99,R2YZVPE9,10.1016/j.quascirev.2014.06.016,10.1002/2014PA002710,"10.1594/PANGAEA.787827,10.1594/PANGAEA.847255,10.1594/PANGAEA.847256",,MarineSediment,,,,,,,age,BP,,,,,,5936.569767,,150,146260,80,0.5063291139,0,,TRUE,,,http://lipdverse.org/test/0_8_1/161_976.Martrat.2014.html,
RyCQUjotSaO,matlab,161_976.Martrat.2014,161_976,Atlantic Ocean>North Atlantic Ocean>Mediterranean Sea,36.2054,-4.3127,-1108,2014,"Martrat, Belen; Jimenez-Amat, Patricia; Zahn, Rainer; Grimalt, Joan O.",Similarities and dissimilarities between the last two deglaciations and interglaciations in the North Atlantic region,Quaternary Science Reviews,122   134,,99,R2YZVPE9,10.1016/j.quascirev.2014.06.016,10.1002/2014PA002710,"10.1594/PANGAEA.787827,10.1594/PANGAEA.847255,10.1594/PANGAEA.847256",,MarineSediment,,,planktic foraminifera calcite,,,,planktic.d18O,permil,,,,,,0.6373333333,,150,146260,80,0.5063291139,0,,TRUE,,,http://lipdverse.org/test/0_8_1/161_976.Martrat.2014.html,
Rl3oDldpRFu,matlab,161_976.Martrat.2014,161_976,Atlantic Ocean>North Atlantic Ocean>Mediterranean Sea,36.2054,-4.3127,-1108,2014,"Martrat, Belen; Jimenez-Amat, Patricia; Zahn, Rainer; Grimalt, Joan O.",Similarities and dissimilarities between the last two deglaciations and interglaciations in the North Atlantic region,Quaternary Science Reviews,122   134,,99,R2YZVPE9,10.1016/j.quascirev.2014.06.016,10.1002/2014PA002710,"10.1594/PANGAEA.787827,10.1594/PANGAEA.847255,10.1594/PANGAEA.847256",,MarineSediment,,,planktic foraminifera calcite,,,"cleaning protocol followed Boyle (1983) and Boyle and Keigwin (1985), implementing modifications developed in Barker et al. (2003) and Pena et al. (2005)",planktic.MgCa,mmol_mol,,,,,,3.214607843,,230,146260,80,0.5097706032,0,,TRUE,,,http://lipdverse.org/test/0_8_1/161_976.Martrat.2014.html,
RscxCqgnTot,matlab,161_976.Martrat.2014,161_976,Atlantic Ocean>North Atlantic Ocean>Mediterranean Sea,36.2054,-4.3127,-1108,2014,"Martrat, Belen; Jimenez-Amat, Patricia; Zahn, Rainer; Grimalt, Joan O.",Similarities and dissimilarities between the last two deglaciations and interglaciations in the North Atlantic region,Quaternary Science Reviews,122   134,,99,R2YZVPE9,10.1016/j.quascirev.2014.06.016,10.1002/2014PA002710,"10.1594/PANGAEA.787827,10.1594/PANGAEA.847255,10.1594/PANGAEA.847256",,MarineSediment,Mg/Ca,Mg/Ca,bulloides,calculated after Elderfield and Ganssen (2000) used reductive cleaning,,,temperature,degC,abs,T,sea@surface,annual,annual,17.37754902,positive,230,146260,80,0.5097706032,0,Tverse,TRUE,PMS,"fails age control (one 4400 year gap), but otherwise solid age model- keep",http://lipdverse.org/test/0_8_1/161_976.Martrat.2014.html,
Rl3oDldpRFu_SST_from_planktic0x2EMgCa,matlab,161_976.Martrat.2014,161_976,Atlantic Ocean>North Atlantic Ocean>Mediterranean Sea,36.2054,-4.3127,-1108,2014,"Martrat, Belen; Jimenez-Amat, Patricia; Zahn, Rainer; Grimalt, Joan O.",Similarities and dissimilarities between the last two deglaciations and interglaciations in the North Atlantic region,Quaternary Science Reviews,122   134,,99,R2YZVPE9,10.1016/j.quascirev.2014.06.016,10.1002/2014PA002710,"10.1594/PANGAEA.787827,10.1594/PANGAEA.847255,10.1594/PANGAEA.847256",,MarineSediment,Mg/Ca,Mg/Ca,bulloides,"SST calculated from Mg/Ca (TSid=Rl3oDldpRFu) using the BAYMAG program baymag_predict.  Parameters: omega=3.1789, clean=1, species=bulloides, pstd=10, varargin=unspecified;  For salinity and pH, values are specified to change through time, and are calculated using the get_phsal program from Jess Tierney, based on modern values of salinity (36.5024) and pH (8.0873) for the archive location and using the ages",,,temperature,degC,abs,T,sea@surface,annual,annual,18.18096078,positive,230,146260,80,0.5097706032,0,Temp12k,TRUE,PMS,"fails age control (one 4400 year gap), but otherwise solid age model- keep",http://lipdverse.org/test/0_8_1/161_976.Martrat.2014.html,
RSr4hYvJMku,matlab,165_1002C.Herbert.2000,165_1002C,Atlantic Ocean>North Atlantic Ocean>Caribbean Sea,10.7061,-65.1694,-892.6,2000,"Herbert, T.D., Schuffert, J.D.",Alkenone unsaturation estimates of sea-surface tempreatures at site 1002 over a full glacial cycle,"Proceedings of the Ocean Drilling Program, Scientific Results",239-247,,165,5VX4K5AH,10.2973/odp.proc.sr.165.030.2000,10.2973/odp.proc.sr.165.017.2000,"10.1594/PANGAEA.441587,10.1594/PANGAEA.803256",,MarineSediment,,,,,,,depth,m,,,,,,2.587826087,,690,164970,450,0.884173298,0,,TRUE,,,http://lipdverse.org/test/0_8_1/165_1002C.Herbert.2000.html,
RR2uveZTocm,matlab,165_1002C.Herbert.2000,165_1002C,Atlantic Ocean>North Atlantic Ocean>Caribbean Sea,10.7061,-65.1694,-892.6,2000,"Herbert, T.D., Schuffert, J.D.",Alkenone unsaturation estimates of sea-surface tempreatures at site 1002 over a full glacial cycle,"Proceedings of the Ocean Drilling Program, Scientific Results",239-247,,165,5VX4K5AH,10.2973/odp.proc.sr.165.030.2000,10.2973/odp.proc.sr.165.017.2000,"10.1594/PANGAEA.441587,10.1594/PANGAEA.803256",,MarineSediment,,,,,,not 14C constrained age,age,BP,,,,,,6099.130435,,690,164970,450,0.884173298,0,,TRUE,,,http://lipdverse.org/test/0_8_1/165_1002C.Herbert.2000.html,
RRIPH2mcLOr,matlab,165_1002C.Herbert.2000,165_1002C,Atlantic Ocean>North Atlantic Ocean>Caribbean Sea,10.7061,-65.1694,-892.6,2000,"Herbert, T.D., Schuffert, J.D.",Alkenone unsaturation estimates of sea-surface tempreatures at site 1002 over a full glacial cycle,"Proceedings of the Ocean Drilling Program, Scientific Results",239-247,,165,5VX4K5AH,10.2973/odp.proc.sr.165.030.2000,10.2973/odp.proc.sr.165.017.2000,"10.1594/PANGAEA.441587,10.1594/PANGAEA.803256",,MarineSediment,,,,,,,label,,,,,,,,,,,450,,,,TRUE,,,http://lipdverse.org/test/0_8_1/165_1002C.Herbert.2000.html,
RYfbsh7Nj6W,matlab,165_1002C.Herbert.2000,165_1002C,Atlantic Ocean>North Atlantic Ocean>Caribbean Sea,10.7061,-65.1694,-892.6,2000,"Herbert, T.D., Schuffert, J.D.",Alkenone unsaturation estimates of sea-surface tempreatures at site 1002 over a full glacial cycle,"Proceedings of the Ocean Drilling Program, Scientific Results",239-247,,165,5VX4K5AH,10.2973/odp.proc.sr.165.030.2000,10.2973/odp.proc.sr.165.017.2000,"10.1594/PANGAEA.441587,10.1594/PANGAEA.803256",,MarineSediment,,,bulk sediment,,,,Uk37,,,,,,,0.8946086957,,690,164970,450,0.884173298,0,,TRUE,,,http://lipdverse.org/test/0_8_1/165_1002C.Herbert.2000.html,
R7iVi9SqggU,matlab,165_1002C.Herbert.2000,165_1002C,Atlantic Ocean>North Atlantic Ocean>Caribbean Sea,10.7061,-65.1694,-892.6,2000,"Herbert, T.D., Schuffert, J.D.",Alkenone unsaturation estimates of sea-surface tempreatures at site 1002 over a full glacial cycle,"Proceedings of the Ocean Drilling Program, Scientific Results",239-247,,165,5VX4K5AH,10.2973/odp.proc.sr.165.030.2000,10.2973/odp.proc.sr.165.017.2000,"10.1594/PANGAEA.441587,10.1594/PANGAEA.803256",,MarineSediment,alkenone,alkenone,UK37,,,,temperature,degC,abs,T,sea@surface,annual,annual,25.16521739,positive,690,164970,450,0.884173298,0,Tverse,TRUE,"DSK, PMS, AdV",fails resolution but chronology is good and it is a rare record from low latitude,http://lipdverse.org/test/0_8_1/165_1002C.Herbert.2000.html,
RHba3kNQVGO,matlab,165_1002C.Herbert.2000,165_1002C,Atlantic Ocean>North Atlantic Ocean>Caribbean Sea,10.7061,-65.1694,-892.6,2000,"Herbert, T.D., Schuffert, J.D.",Alkenone unsaturation estimates of sea-surface tempreatures at site 1002 over a full glacial cycle,"Proceedings of the Ocean Drilling Program, Scientific Results",239-247,,165,5VX4K5AH,10.2973/odp.proc.sr.165.030.2000,10.2973/odp.proc.sr.165.017.2000,"10.1594/PANGAEA.441587,10.1594/PANGAEA.803256",,MarineSediment,,,bulk sediment,,,,C37.concentration,g,,,,,,4.27E-06,,690,164970,450,0.884173298,0,,TRUE,,,http://lipdverse.org/test/0_8_1/165_1002C.Herbert.2000.html,
RYfbsh7Nj6W_SST_from_Uk37,matlab,165_1002C.Herbert.2000,165_1002C,Atlantic Ocean>North Atlantic Ocean>Caribbean Sea,10.7061,-65.1694,-892.6,2000,"Herbert, T.D., Schuffert, J.D.",Alkenone unsaturation estimates of sea-surface tempreatures at site 1002 over a full glacial cycle,"Proceedings of the Ocean Drilling Program, Scientific Results",239-247,,165,5VX4K5AH,10.2973/odp.proc.sr.165.030.2000,10.2973/odp.proc.sr.165.017.2000,"10.1594/PANGAEA.441587,10.1594/PANGAEA.803256",,MarineSediment,alkenone,alkenone,UK37,"SST calculated from Uk37 (TSid=RYfbsh7Nj6W) using the BAYSPLINE program UK_predict.  Parameters: pstd=10, bayes=unspecified",,,temperature,degC,abs,T,sea@surface,annual,annual,25.73837302,positive,690,164970,450,0.884173298,0,Temp12k,,"DSK, PMS, AdV",fails resolution but chronology is good and it is a rare record from low latitude,http://lipdverse.org/test/0_8_1/165_1002C.Herbert.2000.html,
RltOne4A5Ck,matlab,165_1002C.Herbert.2000,165_1002C,Atlantic Ocean>North Atlantic Ocean>Caribbean Sea,10.7061,-65.1694,-892.6,2000,"Herbert, T.D., Schuffert, J.D.",Alkenone unsaturation estimates of sea-surface tempreatures at site 1002 over a full glacial cycle,"Proceedings of the Ocean Drilling Program, Scientific Results",239-247,,165,5VX4K5AH,10.2973/odp.proc.sr.165.030.2000,10.2973/odp.proc.sr.165.017.2000,"10.1594/PANGAEA.441587,10.1594/PANGAEA.803256",,MarineSediment,,,,,,,depth,m,,,,,,3.464545455,,2000,578000,470,1,0,,FALSE,,,http://lipdverse.org/test/0_8_1/165_1002C.Herbert.2000.html,
R1NztRm4tmM,matlab,165_1002C.Herbert.2000,165_1002C,Atlantic Ocean>North Atlantic Ocean>Caribbean Sea,10.7061,-65.1694,-892.6,2000,"Herbert, T.D., Schuffert, J.D.",Alkenone unsaturation estimates of sea-surface tempreatures at site 1002 over a full glacial cycle,"Proceedings of the Ocean Drilling Program, Scientific Results",239-247,,165,5VX4K5AH,10.2973/odp.proc.sr.165.030.2000,10.2973/odp.proc.sr.165.017.2000,"10.1594/PANGAEA.441587,10.1594/PANGAEA.803256",,MarineSediment,,,,,,,label,,,,,,,,,,,470,,,,FALSE,,,http://lipdverse.org/test/0_8_1/165_1002C.Herbert.2000.html,
RKdufr2akxg,matlab,165_1002C.Herbert.2000,165_1002C,Atlantic Ocean>North Atlantic Ocean>Caribbean Sea,10.7061,-65.1694,-892.6,2000,"Herbert, T.D., Schuffert, J.D.",Alkenone unsaturation estimates of sea-surface tempreatures at site 1002 over a full glacial cycle,"Proceedings of the Ocean Drilling Program, Scientific Results",239-247,,165,5VX4K5AH,10.2973/odp.proc.sr.165.030.2000,10.2973/odp.proc.sr.165.017.2000,"10.1594/PANGAEA.441587,10.1594/PANGAEA.803256",,MarineSediment,,,,,,not 14C constrained age,age,BP,,,,,,8069.090909,,2000,578000,470,1,0,,FALSE,,,http://lipdverse.org/test/0_8_1/165_1002C.Herbert.2000.html,
Rcp0PNTLUmK,matlab,165_1002C.Herbert.2000,165_1002C,Atlantic Ocean>North Atlantic Ocean>Caribbean Sea,10.7061,-65.1694,-892.6,2000,"Herbert, T.D., Schuffert, J.D.",Alkenone unsaturation estimates of sea-surface tempreatures at site 1002 over a full glacial cycle,"Proceedings of the Ocean Drilling Program, Scientific Results",239-247,,165,5VX4K5AH,10.2973/odp.proc.sr.165.030.2000,10.2973/odp.proc.sr.165.017.2000,"10.1594/PANGAEA.441587,10.1594/PANGAEA.803256",,MarineSediment,,,planktic foraminifera calcite,,,,planktic.d18O,permil,,,,,,-1.338181818,,2000,578000,470,1,0,,FALSE,,,http://lipdverse.org/test/0_8_1/165_1002C.Herbert.2000.html,
T2L_1670_depth,matlab,1670,1670,,39.9133,133.55,-1105,,missing,,,,,,,,,www.ncdc.noaa.gov/paleo/study/2530,,MarineSediment,,,,,,,depth,cm,,,,,,27.5,,1661,29855,922,0,0,,FALSE,,,http://lipdverse.org/test/0_8_1/1670.html,
T2L_1670_age_median,matlab,1670,1670,,39.9133,133.55,-1105,,missing,,,,,,,,,www.ncdc.noaa.gov/paleo/study/2530,,MarineSediment,,,,,,"For Temp12k, the new Bacon age model was used because the original values were missing - these data are the same as ageMedianBacon;",age,cal years BP,,,,,,6705.083333,,1661,29855,922,0,0,,FALSE,,,http://lipdverse.org/test/0_8_1/1670.html,
T2L_1670_age_original,matlab,1670,1670,,39.9133,133.55,-1105,,missing,,,,,,,,,www.ncdc.noaa.gov/paleo/study/2530,,MarineSediment,,,,,,,ageOriginal,BP,,,,,,,,,,,,,,FALSE,,,http://lipdverse.org/test/0_8_1/1670.html,
T2L_1670_d18o_pachyderma,matlab,1670,1670,,39.9133,133.55,-1105,,missing,,,,,,,,,www.ncdc.noaa.gov/paleo/study/2530,,MarineSediment,,,,,,,d18o_pachyderma,permil,,,,,,1.95,,1661,29855,922,0,0,,FALSE,,,http://lipdverse.org/test/0_8_1/1670.html,
T2L_1670_d13c_pachyderma,matlab,1670,1670,,39.9133,133.55,-1105,,missing,,,,,,,,,www.ncdc.noaa.gov/paleo/study/2530,,MarineSediment,,,,,,,d13c_pachyderma,permil,,,,,,0.2545454545,,1661,29855,925,0,0,,FALSE,,,http://lipdverse.org/test/0_8_1/1670.html,
T2L_1670_d18o_pachyderma_SST_from_d18o_pachyderma,matlab,1670,1670,,39.9133,133.55,-1105,,missing,,,,,,,,,www.ncdc.noaa.gov/paleo/study/2530,,MarineSediment,isotope,d18O,,"SST calculated from d18O using the bayfoxm program bayfox_predict.  Parameters: prior_mean=8.9685, prior_std=10, species=pachy, bayes=unspecified;  For d18osw, values are specified to change through time, and are calculated using the getvardelo.m program from Jess Tierney, based on the modern value of d18osw (-0.21854) for the archive location",,,temperature,degC,abs,T,,annual,annual,8.362653385,positive,1661,29855,922,0,0,Tverse,FALSE,"JET, DSK",insufficient resolution; bacon ages,http://lipdverse.org/test/0_8_1/1670.html,
T2L_1670_age_medianMedianBacon,matlab,1670,1670,,39.9133,133.55,-1105,,missing,,,,,,,,,www.ncdc.noaa.gov/paleo/study/2530,,MarineSediment,,,,,,,ageMedianBacon,cal years BP,,,,,,6705.083333,,1661,29855,922,0,0,,FALSE,,,http://lipdverse.org/test/0_8_1/1670.html,
R3qRtlqFxDz,PalMod2LiPD,2004_804_009_PC,2004_804_009_PC,Arctic; Northwestern Passages,74.19,-81.195,-781,,,,,,,,,10.1139/E08-043,,,,MarineSediment,,,,,,,depth_merged,m,,,,,,2.805,,2034.7,10821,156.95,0.4552542026,0,,FALSE,,,http://lipdverse.org/test/0_8_1/2004_804_009_PC.html,
RR1D3ksUcLq,PalMod2LiPD,2004_804_009_PC,2004_804_009_PC,Arctic; Northwestern Passages,74.19,-81.195,-781,,,,,,,,,10.1139/E08-043,,,,MarineSediment,,,,,,,age,BP,,,,,,7143.812281,,2034.7,10821,156.95,0.4552542026,0,,FALSE,,,http://lipdverse.org/test/0_8_1/2004_804_009_PC.html,
RFEy4KwK5eY,PalMod2LiPD,2004_804_009_PC,2004_804_009_PC,Arctic; Northwestern Passages,74.19,-81.195,-781,,,,,,,,,10.1139/E08-043,,,,MarineSediment,,dinocyst,assemblage,,,,temperature,degC,,T,,,,-1.58,positive,2034.7,10821,156.95,0.4552542026,0,Tverse,FALSE,"RSV,PMS",fails age control. Youngest age is 6.4 ka,http://lipdverse.org/test/0_8_1/2004_804_009_PC.html,
RREXlsg2KKc,PalMod2LiPD,2004_804_009_PC,2004_804_009_PC,Arctic; Northwestern Passages,74.19,-81.195,-781,,,,,,,,,10.1139/E08-043,,,,MarineSediment,,dinocyst,assemblage,,,,temperature,degC,,T,,,,2.29754386,positive,2034.7,10821,156.95,0.4552542026,0,Tverse,FALSE,"RSV,PMS",fails age control. Youngest age is 6.4 ka,http://lipdverse.org/test/0_8_1/2004_804_009_PC.html,
GH07da367f,matlab,BS7938,BS79-38,,38.4,13.6,-1489,2001,"Cacho, Isabel","Variability of the western Mediterranean Sea surface temperature during the last 25,000 years and its connection with the Northern Hemisphere climatic changes",Paleoceanography,40-52,1,16,cacho2001variabilityofthewesternme,10.1029/2000PA000502,,https://www.ncdc.noaa.gov/paleo/study/6374,,MarineSediment,,,,,,,Uk37,unitless,,,,,,0.6201578947,,867,24517,259,,,,FALSE,,,http://lipdverse.org/test/0_8_1/BS7938.html,
RiEVTVHNY41,matlab,BS7938,BS79-38,,38.4,13.6,-1489,2001,"Cacho, Isabel","Variability of the western Mediterranean Sea surface temperature during the last 25,000 years and its connection with the Northern Hemisphere climatic changes",Paleoceanography,40-52,1,16,cacho2001variabilityofthewesternme,10.1029/2000PA000502,,https://www.ncdc.noaa.gov/paleo/study/6374,,MarineSediment,,,,,,,year,AD,,,,,,-4653.263158,,867,24517,259,,,,FALSE,,,http://lipdverse.org/test/0_8_1/BS7938.html,
RhfyobaSrGG,matlab,BS7938,BS79-38,,38.4,13.6,-1489,2001,"Cacho, Isabel","Variability of the western Mediterranean Sea surface temperature during the last 25,000 years and its connection with the Northern Hemisphere climatic changes",Paleoceanography,40-52,1,16,cacho2001variabilityofthewesternme,10.1029/2000PA000502,,https://www.ncdc.noaa.gov/paleo/study/6374,,MarineSediment,,,,,,,age,BP,,,,,,6603.263158,,867,24517,259,,,,FALSE,,,http://lipdverse.org/test/0_8_1/BS7938.html,
GH2d963782,matlab,BS7938,BS79-38,,38.4,13.6,-1489,2001,"Cacho, Isabel","Variability of the western Mediterranean Sea surface temperature during the last 25,000 years and its connection with the Northern Hemisphere climatic changes",Paleoceanography,40-52,1,16,cacho2001variabilityofthewesternme,10.1029/2000PA000502,,https://www.ncdc.noaa.gov/paleo/study/6374,,MarineSediment,alkenone,alkenone,UK37,Mueller et al 98 calibration,,,temperature,degC,abs,T,sea@surface,annual,annual,17.49078947,positive,867,24517,259,,,Temp12k,FALSE,PMS,"no 14C chronology; age model based on 18O alignment with neigbouring 14C dated core (Capodonti et al., 1999) and planktic foraminifera chronozones",http://lipdverse.org/test/0_8_1/BS7938.html,
GH07da367f_SST_from_Uk37,matlab,BS7938,BS79-38,,38.4,13.6,-1489,2001,"Cacho, Isabel","Variability of the western Mediterranean Sea surface temperature during the last 25,000 years and its connection with the Northern Hemisphere climatic changes",Paleoceanography,40-52,1,16,cacho2001variabilityofthewesternme,10.1029/2000PA000502,,https://www.ncdc.noaa.gov/paleo/study/6374,,MarineSediment,,,,,,"SST calculated from Uk37 (TSid=GH07da367f) using the BAYSPLINE program UK_predict.  Parameters: pstd=10, bayes=unspecified",SST_from_Uk37,degC,,,,,,16.74774139,,867,24517,259,,,,FALSE,,,http://lipdverse.org/test/0_8_1/BS7938.html,
NAm2kHydro209,matlab,DavisLake.Barnosky.1981,Davis Lake,North America>United States Of America>Massachusetts,42.14,-73.41,214,1981,"Barnosky, Cathy W.","A record of late Quaternary vegetation from Davis Lake, southern Puget Lowland, Washington",Quaternary Research,221   239,2,16,X6VBR4W4,10.1016/0033-5894(81)90046-6,10.1038/nature25464,this compilation,10.21233/N37W39,LakeSediment,,stratigraphy,,,,Elevation below modern,lakeLevel,cm,,M,eff,annual,annual,367.2622731,positive,50,11900,50,,,,,,,http://lipdverse.org/test/0_8_1/DavisLake.Barnosky.1981.html,
WEB1edcdb77,matlab,DavisLake.Barnosky.1981,Davis Lake,North America>United States Of America>Massachusetts,42.14,-73.41,214,1981,"Barnosky, Cathy W.","A record of late Quaternary vegetation from Davis Lake, southern Puget Lowland, Washington",Quaternary Research,221   239,2,16,X6VBR4W4,10.1016/0033-5894(81)90046-6,10.1038/nature25464,this compilation,10.21233/N37W39,LakeSediment,,,,,,,year,AD,,,,,,-4025,,50,11900,50,,,,,,,http://lipdverse.org/test/0_8_1/DavisLake.Barnosky.1981.html,
WEBcf6f4314,matlab,DavisLake.Barnosky.1981,Davis Lake,North America>United States Of America>Massachusetts,42.14,-73.41,214,1981,"Barnosky, Cathy W.","A record of late Quaternary vegetation from Davis Lake, southern Puget Lowland, Washington",Quaternary Research,221   239,2,16,X6VBR4W4,10.1016/0033-5894(81)90046-6,10.1038/nature25464,this compilation,10.21233/N37W39,LakeSediment,,,,,,,age,BP,,,,,,5975,,50,11900,50,,,,,,,http://lipdverse.org/test/0_8_1/DavisLake.Barnosky.1981.html,
NAm2kHydro210,matlab,DavisLake.Barnosky.1981,Davis Lake,North America>United States Of America>Massachusetts,42.14,-73.41,214,1981,"Barnosky, Cathy W.","A record of late Quaternary vegetation from Davis Lake, southern Puget Lowland, Washington",Quaternary Research,221   239,2,16,X6VBR4W4,10.1016/0033-5894(81)90046-6,10.1038/nature25464,this compilation,10.21233/N37W39,LakeSediment,,stratigraphy,,,,"Elevation below modern, upper bound",lakeLevelHi,cm,,,eff,annual,annual,277.3316639,,50,11900,50,,,,,,,http://lipdverse.org/test/0_8_1/DavisLake.Barnosky.1981.html,
NAm2kHydro211,matlab,DavisLake.Barnosky.1981,Davis Lake,North America>United States Of America>Massachusetts,42.14,-73.41,214,1981,"Barnosky, Cathy W.","A record of late Quaternary vegetation from Davis Lake, southern Puget Lowland, Washington",Quaternary Research,221   239,2,16,X6VBR4W4,10.1016/0033-5894(81)90046-6,10.1038/nature25464,this compilation,10.21233/N37W39,LakeSediment,,stratigraphy,,,,"Elevation below modern, lower bound",lakeLevelLo,cm,,,eff,annual,annual,457.1928655,,50,11900,50,,,,,,,http://lipdverse.org/test/0_8_1/DavisLake.Barnosky.1981.html,
M2L5bmc5tfrP,matlab,DavisLake.Barnosky.1981,Davis Lake,North America>United States Of America>Massachusetts,42.14,-73.41,214,1981,"Barnosky, Cathy W.","A record of late Quaternary vegetation from Davis Lake, southern Puget Lowland, Washington",Quaternary Research,221   239,2,16,X6VBR4W4,10.1016/0033-5894(81)90046-6,10.1038/nature25464,this compilation,10.21233/N37W39,LakeSediment,,,,,,,depth,cm,,,,,,876.5042017,,50,11900,50,,,,,,,http://lipdverse.org/test/0_8_1/DavisLake.Barnosky.1981.html,
M2Lfc3jnhj9P,matlab,DavisLake.Barnosky.1981,Davis Lake,North America>United States Of America>Massachusetts,42.14,-73.41,214,1981,"Barnosky, Cathy W.","A record of late Quaternary vegetation from Davis Lake, southern Puget Lowland, Washington",Quaternary Research,221   239,2,16,X6VBR4W4,10.1016/0033-5894(81)90046-6,10.1038/nature25464,this compilation,10.21233/N37W39,LakeSediment,,,,,,,age,yr 14C yr BP,,,,,,12478.91303,,50,11900,50,,,,,,,http://lipdverse.org/test/0_8_1/DavisLake.Barnosky.1981.html,
M2Lnwn70cm8P,matlab,DavisLake.Barnosky.1981,Davis Lake,North America>United States Of America>Massachusetts,42.14,-73.41,214,1981,"Barnosky, Cathy W.","A record of late Quaternary vegetation from Davis Lake, southern Puget Lowland, Washington",Quaternary Research,221   239,2,16,X6VBR4W4,10.1016/0033-5894(81)90046-6,10.1038/nature25464,this compilation,10.21233/N37W39,LakeSediment,pollen,pollen,assemblage,MAT,,,temperature,degC,abs,T,air@surface,warmest month,summer+,15.44711,positive,50,11900,50,,,Temp12k,,"TB, DSK","fails age control, gap >3000 years (largest gap is 6340 yrs); excellent chronology over the upper 7.5 ka",http://lipdverse.org/test/0_8_1/DavisLake.Barnosky.1981.html,
M2Lb65zci5bP,matlab,DavisLake.Barnosky.1981,Davis Lake,North America>United States Of America>Massachusetts,42.14,-73.41,214,1981,"Barnosky, Cathy W.","A record of late Quaternary vegetation from Davis Lake, southern Puget Lowland, Washington",Quaternary Research,221   239,2,16,X6VBR4W4,10.1016/0033-5894(81)90046-6,10.1038/nature25464,this compilation,10.21233/N37W39,LakeSediment,pollen,pollen,assemblage,MAT,,,temperature,degC,abs,T,air@surface,coldest month,winter+,-0.07827,positive,50,11900,50,,,Temp12k,,"TB, DSK","fails age control, gap >3000 years (largest gap is 6340 yrs); excellent chronology over the upper 7.5 ka",http://lipdverse.org/test/0_8_1/DavisLake.Barnosky.1981.html,
M2Lqsgb2az4P,matlab,DavisLake.Barnosky.1981,Davis Lake,North America>United States Of America>Massachusetts,42.14,-73.41,214,1981,"Barnosky, Cathy W.","A record of late Quaternary vegetation from Davis Lake, southern Puget Lowland, Washington",Quaternary Research,221   239,2,16,X6VBR4W4,10.1016/0033-5894(81)90046-6,10.1038/nature25464,this compilation,10.21233/N37W39,LakeSediment,pollen,pollen,assemblage,MAT,,,temperature,degC,abs,T,air@surface,annual,annual,7.16083,positive,50,11900,50,,,Temp12k,,"TB, DSK","fails age control, gap >3000 years (largest gap is 6340 yrs); excellent chronology over the upper 7.5 ka",http://lipdverse.org/test/0_8_1/DavisLake.Barnosky.1981.html,
M2Lzqv4z2e5P,matlab,DavisLake.Barnosky.1981,Davis Lake,North America>United States Of America>Massachusetts,42.14,-73.41,214,1981,"Barnosky, Cathy W.","A record of late Quaternary vegetation from Davis Lake, southern Puget Lowland, Washington",Quaternary Research,221   239,2,16,X6VBR4W4,10.1016/0033-5894(81)90046-6,10.1038/nature25464,this compilation,10.21233/N37W39,LakeSediment,,pollen,,MAT,,,precipitation,mm,,M,preip@surface,annual,annual,1648.38285,positive,50,11900,50,,,,,JM,,http://lipdverse.org/test/0_8_1/DavisLake.Barnosky.1981.html,
RwerhZfHILQ,PalMod2LiPD,GeoB10042_1.Assemblage,GeoB10042_1,,-7.1135,104.6425,-2460,2015,"Setiawan, Riza Yuliratno",The consequences of opening the Sunda Strait on the hydrography of the eastern tropical Indian Ocean,Paleoceanography,,10,30,,10.1002/2015PA002802,10.2458/azu_js_rc.55.16384,10.1594/PANGAEA.858590,,MarineSediment,,,,,,,depth,m,,,,,,1.23,,4200,39420,120,1.538461538,0,,,,,http://lipdverse.org/globalHolocene/current_version/GeoB10042_1.html,
RPaEwLWzENV,PalMod2LiPD,GeoB10042_1.Assemblage,GeoB10042_1,,-7.1135,104.6425,-2460,2015,"Setiawan, Riza Yuliratno",The consequences of opening the Sunda Strait on the hydrography of the eastern tropical Indian Ocean,Paleoceanography,,10,30,,10.1002/2015PA002802,10.2458/azu_js_rc.55.16384,10.1594/PANGAEA.858590,,MarineSediment,,,,,,,age,BP,,,,,,7106.666667,,4200,39420,120,1.538461538,0,,,,,http://lipdverse.org/globalHolocene/current_version/GeoB10042_1.html,
ReZb0TKOFe3,PalMod2LiPD,GeoB10042_1.Assemblage,GeoB10042_1,,-7.1135,104.6425,-2460,2015,"Setiawan, Riza Yuliratno",The consequences of opening the Sunda Strait on the hydrography of the eastern tropical Indian Ocean,Paleoceanography,,10,30,,10.1002/2015PA002802,10.2458/azu_js_rc.55.16384,10.1594/PANGAEA.858590,,MarineSediment,,,planktic foraminifera calcite,,,sensu stricto,planktic.d18O,permil,,,,,,-2.332666667,,4200,39020,120,1.538461538,0,,,,,http://lipdverse.org/globalHolocene/current_version/GeoB10042_1.html,
RL64xxOUoVT,PalMod2LiPD,GeoB10042_1.Assemblage,GeoB10042_1,,-7.1135,104.6425,-2460,2015,"Setiawan, Riza Yuliratno",The consequences of opening the Sunda Strait on the hydrography of the eastern tropical Indian Ocean,Paleoceanography,,10,30,,10.1002/2015PA002802,10.2458/azu_js_rc.55.16384,10.1594/PANGAEA.858590,,MarineSediment,,,planktic foraminifera calcite,,,sensu stricto,planktic.MgCa,mmol_mol,,,,,,4.162894737,,4200,39020,130,1.538461538,0,,,,,http://lipdverse.org/globalHolocene/current_version/GeoB10042_1.html,
RGIi8rzDMmj,PalMod2LiPD,GeoB10042_1.Assemblage,GeoB10042_1,,-7.1135,104.6425,-2460,2015,"Setiawan, Riza Yuliratno",The consequences of opening the Sunda Strait on the hydrography of the eastern tropical Indian Ocean,Paleoceanography,,10,30,,10.1002/2015PA002802,10.2458/azu_js_rc.55.16384,10.1594/PANGAEA.858590,,MarineSediment,Mg/Ca,Mg/Ca,G. ruber white s.s.,,,"Annand et al., 2003 calibration",temperature,degC,abs,T,sea@surface,annual,annual,26.56631579,positive,4200,39020,130,1.538461538,0,Temp12k,,"DSK,PMS","youngest = 4.2 ka, but passes resolution & chronology; PMS: the SST could also be wind driven upwelling",http://lipdverse.org/globalHolocene/current_version/GeoB10042_1.html,
GH5e2b9d6b,matlab,GRIP.Vinther.2006,GRIP,North America>Greenland,72.58,-37.63,3237,1995,"Johnsen, Sigfus J.; Dahl-Jensen, Dorthe; Dansgaard, Willi; Gundestrup, Niels",Greenland palaeotemperatures derived from GRIP bore hole temperature and ice core isotope profiles,Tellus B: Chemical and Physical Meteorology,624   629,5,47,ZPWYSQUM,10.3402/tellusb.v47i5.16077,10.1038/nature08355,10.1594/PANGAEA.586860,,GlacierIce,,,,,,,depth_top_m,m,,,,,,819.5,,-39,248763,3.5,,,,,,,http://lipdverse.org/test/0_8_1/GRIP.Vinther.2006.html,
RuCfW38l4K1,matlab,GRIP.Vinther.2006,GRIP,North America>Greenland,72.58,-37.63,3237,1995,"Johnsen, Sigfus J.; Dahl-Jensen, Dorthe; Dansgaard, Willi; Gundestrup, Niels",Greenland palaeotemperatures derived from GRIP bore hole temperature and ice core isotope profiles,Tellus B: Chemical and Physical Meteorology,624   629,5,47,ZPWYSQUM,10.3402/tellusb.v47i5.16077,10.1038/nature08355,10.1594/PANGAEA.586860,,GlacierIce,,,,,,,year,AD,,,,,,-2679.496101,,-39,248763,3.5,,,,,,,http://lipdverse.org/test/0_8_1/GRIP.Vinther.2006.html,
Rr7rACDXxfA,matlab,GRIP.Vinther.2006,GRIP,North America>Greenland,72.58,-37.63,3237,1995,"Johnsen, Sigfus J.; Dahl-Jensen, Dorthe; Dansgaard, Willi; Gundestrup, Niels",Greenland palaeotemperatures derived from GRIP bore hole temperature and ice core isotope profiles,Tellus B: Chemical and Physical Meteorology,624   629,5,47,ZPWYSQUM,10.3402/tellusb.v47i5.16077,10.1038/nature08355,10.1594/PANGAEA.586860,,GlacierIce,,,,,,,age,BP,,,,,,4629.496101,,-39,248763,3.5,,,,,,,http://lipdverse.org/test/0_8_1/GRIP.Vinther.2006.html,
GHd57f7596,matlab,GRIP.Vinther.2006,GRIP,North America>Greenland,72.58,-37.63,3237,1995,"Johnsen, Sigfus J.; Dahl-Jensen, Dorthe; Dansgaard, Willi; Gundestrup, Niels",Greenland palaeotemperatures derived from GRIP bore hole temperature and ice core isotope profiles,Tellus B: Chemical and Physical Meteorology,624   629,5,47,ZPWYSQUM,10.3402/tellusb.v47i5.16077,10.1038/nature08355,10.1594/PANGAEA.586860,,GlacierIce,,d18O,,,,,accumulation,gcm-2a-1,,M,,,,0.2319490104,positive,-39,248763,3.5,,,,,,,http://lipdverse.org/test/0_8_1/GRIP.Vinther.2006.html,
GHb78af5db,matlab,GRIP.Vinther.2006,GRIP,North America>Greenland,72.58,-37.63,3237,1995,"Johnsen, Sigfus J.; Dahl-Jensen, Dorthe; Dansgaard, Willi; Gundestrup, Niels",Greenland palaeotemperatures derived from GRIP bore hole temperature and ice core isotope profiles,Tellus B: Chemical and Physical Meteorology,624   629,5,47,ZPWYSQUM,10.3402/tellusb.v47i5.16077,10.1038/nature08355,10.1594/PANGAEA.586860,,GlacierIce,,,,,,,thicnkess_m,m,,,,,,0.1540563569,,-39,248763,3.5,,,,,,,http://lipdverse.org/test/0_8_1/GRIP.Vinther.2006.html,
PYT6L8GK6S7,matlab,GRIP.Vinther.2006,GRIP,North America>Greenland,72.58,-37.63,3237,1995,"Johnsen, Sigfus J.; Dahl-Jensen, Dorthe; Dansgaard, Willi; Gundestrup, Niels",Greenland palaeotemperatures derived from GRIP bore hole temperature and ice core isotope profiles,Tellus B: Chemical and Physical Meteorology,624   629,5,47,ZPWYSQUM,10.3402/tellusb.v47i5.16077,10.1038/nature08355,10.1594/PANGAEA.586860,,GlacierIce,,,,,,,depth,cm,,,,,,153058.9738,,-39,248763,3.5,,,,,,,http://lipdverse.org/test/0_8_1/GRIP.Vinther.2006.html,
PYT8FX4K9PQ,matlab,GRIP.Vinther.2006,GRIP,North America>Greenland,72.58,-37.63,3237,1995,"Johnsen, Sigfus J.; Dahl-Jensen, Dorthe; Dansgaard, Willi; Gundestrup, Niels",Greenland palaeotemperatures derived from GRIP bore hole temperature and ice core isotope profiles,Tellus B: Chemical and Physical Meteorology,624   629,5,47,ZPWYSQUM,10.3402/tellusb.v47i5.16077,10.1038/nature08355,10.1594/PANGAEA.586860,,GlacierIce,,,,,,,age,BP,,,,,,14989.25864,,-39,248763,3.5,,,,,,,http://lipdverse.org/test/0_8_1/GRIP.Vinther.2006.html,
PYTZPNPWL0E,matlab,GRIP.Vinther.2006,GRIP,North America>Greenland,72.58,-37.63,3237,1995,"Johnsen, Sigfus J.; Dahl-Jensen, Dorthe; Dansgaard, Willi; Gundestrup, Niels",Greenland palaeotemperatures derived from GRIP bore hole temperature and ice core isotope profiles,Tellus B: Chemical and Physical Meteorology,624   629,5,47,ZPWYSQUM,10.3402/tellusb.v47i5.16077,10.1038/nature08355,10.1594/PANGAEA.586860,,GlacierIce,isotope,d18O,glacier ice,,,"Calibration of d180 to temperature was made with a second order polynom, and constrained to fit the borehole temperature profile. T=-211.4(°C)-11.88(°C/‰)*delta-0.1925(°C/‰^2)*delta^2. It corresponds to a temeprature sensitivity of 1.67°C/‰ for the holocene, and 4.33‰/°C for the LGMT. Elevation change needs to be taken into account in addition.",d18O,permil,SMOW,T,air@surface,annual,annual,-38.21957061,positive,-39,248763,3.5,,,Temp12k,,AJO,,http://lipdverse.org/test/0_8_1/GRIP.Vinther.2006.html,
Rxq1xubfk7I,matlab,M77_2_056_5,M77_2_056_5,,-3.7498,-81.1247,-355,2015,"Nuernberg, Dirk",Sea surface and subsurface circulation dynamics off equatorial Peru during the last ~17 kyr,Paleoceanography,,7,30,,10.1002/2014PA002706,10.1016/j.quascirev.2013.06.021,10.1594/PANGAEA.848847,,MarineSediment,,,,,,,depth,m,,,,,,4.88,,30,13150,60,0.9189640769,0.08354218881,,,,,http://lipdverse.org/test/0_8_1/M77_2_056_5.html,
Rmi0DbbQ1L6,matlab,M77_2_056_5,M77_2_056_5,,-3.7498,-81.1247,-355,2015,"Nuernberg, Dirk",Sea surface and subsurface circulation dynamics off equatorial Peru during the last ~17 kyr,Paleoceanography,,7,30,,10.1002/2014PA002706,10.1016/j.quascirev.2013.06.021,10.1594/PANGAEA.848847,,MarineSediment,,,,,,,age,BP,,,,,,6313.333333,,30,13150,60,0.9189640769,0.08354218881,,,,,http://lipdverse.org/test/0_8_1/M77_2_056_5.html,
RVcr9moYKJN,matlab,M77_2_056_5,M77_2_056_5,,-3.7498,-81.1247,-355,2015,"Nuernberg, Dirk",Sea surface and subsurface circulation dynamics off equatorial Peru during the last ~17 kyr,Paleoceanography,,7,30,,10.1002/2014PA002706,10.1016/j.quascirev.2013.06.021,10.1594/PANGAEA.848847,,MarineSediment,,,benthic foraminifera calcite,,,,d13C,permil,,,,,,-0.02117948718,,30,13150,60,0.9189640769,0.08354218881,,,,,http://lipdverse.org/test/0_8_1/M77_2_056_5.html,
RsQEXaxcKa5,matlab,M77_2_056_5,M77_2_056_5,,-3.7498,-81.1247,-355,2015,"Nuernberg, Dirk",Sea surface and subsurface circulation dynamics off equatorial Peru during the last ~17 kyr,Paleoceanography,,7,30,,10.1002/2014PA002706,10.1016/j.quascirev.2013.06.021,10.1594/PANGAEA.848847,,MarineSediment,,,benthic foraminifera calcite,,,,d18O,permil,,,,,,1.898974359,,30,13150,60,0.9189640769,0.08354218881,,,,,http://lipdverse.org/test/0_8_1/M77_2_056_5.html,
R0xUv90tyOl,matlab,M77_2_056_5,M77_2_056_5,,-3.7498,-81.1247,-355,2015,"Nuernberg, Dirk",Sea surface and subsurface circulation dynamics off equatorial Peru during the last ~17 kyr,Paleoceanography,,7,30,,10.1002/2014PA002706,10.1016/j.quascirev.2013.06.021,10.1594/PANGAEA.848847,,MarineSediment,,,planktic foraminifera calcite,,,sensu stricto. The foraminiferal samples were homogenized and split for stable isotope analyses (~1/3) and for Mg/Ca analyses (~2/3); including the reductive step with hydrazine to remove metal oxides,planktic.d13C,permil,,,,,,1.506779661,,4170,13080,110,1.404853129,0.1277139208,,,,,http://lipdverse.org/test/0_8_1/M77_2_056_5.html,
RwsnEN3SLKp,matlab,M77_2_056_5,M77_2_056_5,,-3.7498,-81.1247,-355,2015,"Nuernberg, Dirk",Sea surface and subsurface circulation dynamics off equatorial Peru during the last ~17 kyr,Paleoceanography,,7,30,,10.1002/2014PA002706,10.1016/j.quascirev.2013.06.021,10.1594/PANGAEA.848847,,MarineSediment,,,planktic foraminifera calcite,,,sensu stricto. The foraminiferal samples were homogenized and split for stable isotope analyses (~1/3) and for Mg/Ca analyses (~2/3); including the reductive step with hydrazine to remove metal oxides,planktic.d18O,permil,,,,,,-1.343389831,,4170,13080,110,1.404853129,0.1277139208,,,,,http://lipdverse.org/test/0_8_1/M77_2_056_5.html,
RsGueF5Ezuc,matlab,M77_2_056_5,M77_2_056_5,,-3.7498,-81.1247,-355,2015,"Nuernberg, Dirk",Sea surface and subsurface circulation dynamics off equatorial Peru during the last ~17 kyr,Paleoceanography,,7,30,,10.1002/2014PA002706,10.1016/j.quascirev.2013.06.021,10.1594/PANGAEA.848847,,MarineSediment,,,planktic foraminifera calcite,,,sensu stricto. The foraminiferal samples were homogenized and split for stable isotope analyses (~1/3) and for Mg/Ca analyses (~2/3); including the reductive step with hydrazine to remove metal oxides,planktic.MgCa,mmol_mol,,,,,,3.259411765,,3080,13080,110,1.233183857,0.1121076233,,,,,http://lipdverse.org/test/0_8_1/M77_2_056_5.html,
RWjDY49jUxg,matlab,M77_2_056_5,M77_2_056_5,,-3.7498,-81.1247,-355,2015,"Nuernberg, Dirk",Sea surface and subsurface circulation dynamics off equatorial Peru during the last ~17 kyr,Paleoceanography,,7,30,,10.1002/2014PA002706,10.1016/j.quascirev.2013.06.021,10.1594/PANGAEA.848847,,MarineSediment,Mg/Ca,Mg/Ca,ruber white,“species specific” calibration for G. ruber of Regenberg et al. [2009].,,,temperature,degC,abs,T,sea@surface,winter,winterOnly,22.24264706,positive,3080,13080,110,1.233183857,0.1121076233,Temp12k,,OC,,http://lipdverse.org/test/0_8_1/M77_2_056_5.html,
RksmEMYYOe1,matlab,M77_2_056_5,M77_2_056_5,,-3.7498,-81.1247,-355,2015,"Nuernberg, Dirk",Sea surface and subsurface circulation dynamics off equatorial Peru during the last ~17 kyr,Paleoceanography,,7,30,,10.1002/2014PA002706,10.1016/j.quascirev.2013.06.021,10.1594/PANGAEA.848847,,MarineSediment,,,planktic foraminifera calcite,,,The foraminiferal samples were homogenized and split for stable isotope analyses (~1/3) and for Mg/Ca analyses (~2/3); including the reductive step with hydrazine to remove metal oxides,planktic.d13C,permil,,,,,,1.088153846,,30,13150,60,0.9189640769,0.08354218881,,,,,http://lipdverse.org/test/0_8_1/M77_2_056_5.html,
R2iVpGJkJyQ,matlab,M77_2_056_5,M77_2_056_5,,-3.7498,-81.1247,-355,2015,"Nuernberg, Dirk",Sea surface and subsurface circulation dynamics off equatorial Peru during the last ~17 kyr,Paleoceanography,,7,30,,10.1002/2014PA002706,10.1016/j.quascirev.2013.06.021,10.1594/PANGAEA.848847,,MarineSediment,,,planktic foraminifera calcite,,,The foraminiferal samples were homogenized and split for stable isotope analyses (~1/3) and for Mg/Ca analyses (~2/3); including the reductive step with hydrazine to remove metal oxides,planktic.d18O,permil,,,,,,0.8087179487,,30,13150,60,0.9189640769,0.08354218881,,,,,http://lipdverse.org/test/0_8_1/M77_2_056_5.html,
RSQHbqgrxv7,matlab,M77_2_056_5,M77_2_056_5,,-3.7498,-81.1247,-355,2015,"Nuernberg, Dirk",Sea surface and subsurface circulation dynamics off equatorial Peru during the last ~17 kyr,Paleoceanography,,7,30,,10.1002/2014PA002706,10.1016/j.quascirev.2013.06.021,10.1594/PANGAEA.848847,,MarineSediment,,,planktic foraminifera calcite,,,The foraminiferal samples were homogenized and split for stable isotope analyses (~1/3) and for Mg/Ca analyses (~2/3); including the reductive step with hydrazine to remove metal oxides,planktic.MgCa,mmol_mol,,,,,,1.449897436,,30,13150,60,0.9189640769,0.08354218881,,,,,http://lipdverse.org/test/0_8_1/M77_2_056_5.html,
RvhBzegpmNO,matlab,M77_2_056_5,M77_2_056_5,,-3.7498,-81.1247,-355,2015,"Nuernberg, Dirk",Sea surface and subsurface circulation dynamics off equatorial Peru during the last ~17 kyr,Paleoceanography,,7,30,,10.1002/2014PA002706,10.1016/j.quascirev.2013.06.021,10.1594/PANGAEA.848847,,MarineSediment,,Mg/Ca,N. dutertrei,,,,temperature,degC,,T,,,,16.60246154,,30,13150,60,0.9189640769,0.08354218881,Tverse,,DSK,"""description"" = SubT; defer to ""SST""",http://lipdverse.org/test/0_8_1/M77_2_056_5.html,
RwsnEN3SLKp_SST_from_planktic0x2Ed18O,matlab,M77_2_056_5,M77_2_056_5,,-3.7498,-81.1247,-355,2015,"Nuernberg, Dirk",Sea surface and subsurface circulation dynamics off equatorial Peru during the last ~17 kyr,Paleoceanography,,7,30,,10.1002/2014PA002706,10.1016/j.quascirev.2013.06.021,10.1594/PANGAEA.848847,,MarineSediment,,,,,,"SST calculated from d18O (TSid=RwsnEN3SLKp) using the bayfoxm program bayfox_predict.  Parameters: prior_mean=23.5778, prior_std=10, species=ruber, bayes=unspecified;  For d18osw, values are specified to change through time, and are calculated using the getvardelo.m program from Jess Tierney, based on the modern value of d18osw (0.27088) for the archive location and using the ages",SST_from_planktic0x2Ed18O,degC,,,,,,24.16693155,,4170,13080,110,1.404853129,0.1277139208,,,,,http://lipdverse.org/test/0_8_1/M77_2_056_5.html,
RsGueF5Ezuc_SST_from_planktic0x2EMgCa,matlab,M77_2_056_5,M77_2_056_5,,-3.7498,-81.1247,-355,2015,"Nuernberg, Dirk",Sea surface and subsurface circulation dynamics off equatorial Peru during the last ~17 kyr,Paleoceanography,,7,30,,10.1002/2014PA002706,10.1016/j.quascirev.2013.06.021,10.1594/PANGAEA.848847,,MarineSediment,,,,,,"SST calculated from Mg/Ca (TSid=RsGueF5Ezuc) using the BAYMAG program baymag_predict.  Parameters: omega=1.1672, clean=1, species=ruber, pstd=10, varargin=unspecified;  For salinity and pH, values are specified to change through time, and are calculated using the get_phsal program from Jess Tierney, based on modern values of salinity (34.2657) and pH (7.9461) for the archive location and using the ages",SST_from_planktic0x2EMgCa,degC,,,,,,23.54895,,3080,13080,110,1.233183857,0.1121076233,,,,,http://lipdverse.org/test/0_8_1/M77_2_056_5.html,
NAm2kHydro244,matlab,MD99-2256.Jennings.2015,MD99-2256,Atlantic Ocean>North Atlantic Ocean,64.3032,-24.2067,-246,2015,"Jennings, Anne; Andrews, John; Pearce, Christof; Wilson, Lindsay;   lfasd _tttir, S _d _s","Detrital carbonate peaks on the Labrador shelf, a 13   7 ka template for freshwater forcing from the Hudson Strait outlet of the Laurentide Ice Sheet into the subpolar gyre",Quaternary Science Reviews,62   80,,,,10.1016/j.marmicro.2010.08.002,,www.ncdc.noaa.gov/paleo/study/15444,,MarineSediment,,foraminifera,,,,; paleoData_proxy changed - was originally Foram,SBT,degC,,T,sea@surface,annual,annual,8.566611111,positive,-43,11333,90.3,1.933895921,0,Tverse,,,,http://lipdverse.org/test/0_8_1/MD99-2256.Jennings.2015.html,
R1vAzNQovbW,matlab,MD99-2256.Jennings.2015,MD99-2256,Atlantic Ocean>North Atlantic Ocean,64.3032,-24.2067,-246,2015,"Jennings, Anne; Andrews, John; Pearce, Christof; Wilson, Lindsay;   lfasd _tttir, S _d _s","Detrital carbonate peaks on the Labrador shelf, a 13   7 ka template for freshwater forcing from the Hudson Strait outlet of the Laurentide Ice Sheet into the subpolar gyre",Quaternary Science Reviews,62   80,,,,10.1016/j.marmicro.2010.08.002,,www.ncdc.noaa.gov/paleo/study/15444,,MarineSediment,,,,,,,year,AD,,,,,,-2939.905,,-43,11333,90.3,1.933895921,0,,,,,http://lipdverse.org/test/0_8_1/MD99-2256.Jennings.2015.html,
RMq5NxVrW3T,matlab,MD99-2256.Jennings.2015,MD99-2256,Atlantic Ocean>North Atlantic Ocean,64.3032,-24.2067,-246,2015,"Jennings, Anne; Andrews, John; Pearce, Christof; Wilson, Lindsay;   lfasd _tttir, S _d _s","Detrital carbonate peaks on the Labrador shelf, a 13   7 ka template for freshwater forcing from the Hudson Strait outlet of the Laurentide Ice Sheet into the subpolar gyre",Quaternary Science Reviews,62   80,,,,10.1016/j.marmicro.2010.08.002,,www.ncdc.noaa.gov/paleo/study/15444,,MarineSediment,,,,,,,age,BP,,,,,,4889.905,,-43,11333,90.3,1.933895921,0,,,,,http://lipdverse.org/test/0_8_1/MD99-2256.Jennings.2015.html,
LPD6e872195,matlab,MD99-2256.Jennings.2015,MD99-2256,Atlantic Ocean>North Atlantic Ocean,64.3032,-24.2067,-246,2015,"Jennings, Anne; Andrews, John; Pearce, Christof; Wilson, Lindsay;   lfasd _tttir, S _d _s","Detrital carbonate peaks on the Labrador shelf, a 13   7 ka template for freshwater forcing from the Hudson Strait outlet of the Laurentide Ice Sheet into the subpolar gyre",Quaternary Science Reviews,62   80,,,,10.1016/j.marmicro.2010.08.002,,www.ncdc.noaa.gov/paleo/study/15444,,MarineSediment,other microfossil,foraminifera,assemblage,maximum likehood,,,temperature,degC,abs,T,sea@surface,annual,annual,12.71761905,positive,-43,11333,90.3,1.933895921,0,Temp12k,,"AdV, OC",planktic foraminifer may reflect subsurface,http://lipdverse.org/test/0_8_1/MD99-2256.Jennings.2015.html,
ReXMLN4ulhG,matlab,MD99-2256.Jennings.2015,MD99-2256,Atlantic Ocean>North Atlantic Ocean,64.3032,-24.2067,-246,2015,"Jennings, Anne; Andrews, John; Pearce, Christof; Wilson, Lindsay;   lfasd _tttir, S _d _s","Detrital carbonate peaks on the Labrador shelf, a 13   7 ka template for freshwater forcing from the Hudson Strait outlet of the Laurentide Ice Sheet into the subpolar gyre",Quaternary Science Reviews,62   80,,,,10.1016/j.marmicro.2010.08.002,,www.ncdc.noaa.gov/paleo/study/15444,,MarineSediment,,,,,,,year,AD,,,,,,-3181.550635,,-43,11333,90.3,1.933895921,0,,,,,http://lipdverse.org/test/0_8_1/MD99-2256.Jennings.2015.html,
R4djqH9I0KS,matlab,MD99-2256.Jennings.2015,MD99-2256,Atlantic Ocean>North Atlantic Ocean,64.3032,-24.2067,-246,2015,"Jennings, Anne; Andrews, John; Pearce, Christof; Wilson, Lindsay;   lfasd _tttir, S _d _s","Detrital carbonate peaks on the Labrador shelf, a 13   7 ka template for freshwater forcing from the Hudson Strait outlet of the Laurentide Ice Sheet into the subpolar gyre",Quaternary Science Reviews,62   80,,,,10.1016/j.marmicro.2010.08.002,,www.ncdc.noaa.gov/paleo/study/15444,,MarineSediment,,,,,,,age,BP,,,,,,5131.550635,,-43,11333,90.3,1.933895921,0,,,,,http://lipdverse.org/test/0_8_1/MD99-2256.Jennings.2015.html,
RJRLoE1KuiC,matlab,MD99-2256.Jennings.2015,MD99-2256,Atlantic Ocean>North Atlantic Ocean,64.3032,-24.2067,-246,2015,"Jennings, Anne; Andrews, John; Pearce, Christof; Wilson, Lindsay;   lfasd _tttir, S _d _s","Detrital carbonate peaks on the Labrador shelf, a 13   7 ka template for freshwater forcing from the Hudson Strait outlet of the Laurentide Ice Sheet into the subpolar gyre",Quaternary Science Reviews,62   80,,,,10.1016/j.marmicro.2010.08.002,,www.ncdc.noaa.gov/paleo/study/15444,,MarineSediment,,,,,,,depth,m,,,,,,1.648531746,,-43,11333,90.3,1.933895921,0,,,,,http://lipdverse.org/test/0_8_1/MD99-2256.Jennings.2015.html,
PYTH3ZG2630,matlab,MD99-2256.Jennings.2015,MD99-2256,Atlantic Ocean>North Atlantic Ocean,64.3032,-24.2067,-246,2015,"Jennings, Anne; Andrews, John; Pearce, Christof; Wilson, Lindsay;   lfasd _tttir, S _d _s","Detrital carbonate peaks on the Labrador shelf, a 13   7 ka template for freshwater forcing from the Hudson Strait outlet of the Laurentide Ice Sheet into the subpolar gyre",Quaternary Science Reviews,62   80,,,,10.1016/j.marmicro.2010.08.002,,www.ncdc.noaa.gov/paleo/study/15444,,MarineSediment,,,,,,,depth,cm,,,,,,158.7777778,,-43,11333,90.3,1.933895921,0,,,,,http://lipdverse.org/test/0_8_1/MD99-2256.Jennings.2015.html,
PYTZNOAPWHQ,matlab,MD99-2256.Jennings.2015,MD99-2256,Atlantic Ocean>North Atlantic Ocean,64.3032,-24.2067,-246,2015,"Jennings, Anne; Andrews, John; Pearce, Christof; Wilson, Lindsay;   lfasd _tttir, S _d _s","Detrital carbonate peaks on the Labrador shelf, a 13   7 ka template for freshwater forcing from the Hudson Strait outlet of the Laurentide Ice Sheet into the subpolar gyre",Quaternary Science Reviews,62   80,,,,10.1016/j.marmicro.2010.08.002,,www.ncdc.noaa.gov/paleo/study/15444,,MarineSediment,,,,,,,age,BP,,,,,,4889.905,,-43,11333,90.3,1.933895921,0,,,,,http://lipdverse.org/test/0_8_1/MD99-2256.Jennings.2015.html,
PYTBX955XJ2,matlab,MD99-2256.Jennings.2015,MD99-2256,Atlantic Ocean>North Atlantic Ocean,64.3032,-24.2067,-246,2015,"Jennings, Anne; Andrews, John; Pearce, Christof; Wilson, Lindsay;   lfasd _tttir, S _d _s","Detrital carbonate peaks on the Labrador shelf, a 13   7 ka template for freshwater forcing from the Hudson Strait outlet of the Laurentide Ice Sheet into the subpolar gyre",Quaternary Science Reviews,62   80,,,,10.1016/j.marmicro.2010.08.002,,www.ncdc.noaa.gov/paleo/study/15444,,MarineSediment,,benthic foraminifers,,,,,temperature,degC,abs,T,SBT,annual,,8.566611111,,-43,11333,90.3,1.933895921,0,Tverse,,AdV,Chronology ok but benthic (deep water) record,http://lipdverse.org/test/0_8_1/MD99-2256.Jennings.2015.html,
LPDd7695163xxxx,matlab,ODP658C_UK37.Zhao.1995,ODP658C,,20.75,-18.58,-2263,1995,"Zhao, M.",Molecular stratigraphy of cores off northwest Africa: Sea surface temperature history over the last 80 Ka,Paleoceanography,,3,10,zhao1995molecularstratigraphyofco,10.1029/94PA03354,,10.1594/PANGAEA.52711,,MarineSediment,,,,,,,age14C,BP,,,,,,4916.341667,,137,22589,98,1.180139931,0,,,,,http://lipdverse.org/test/0_8_1/ODP658C_UK37.Zhao.1995.html,
R1TvSYn0Vcp,matlab,ODP658C_UK37.Zhao.1995,ODP658C,,20.75,-18.58,-2263,1995,"Zhao, M.",Molecular stratigraphy of cores off northwest Africa: Sea surface temperature history over the last 80 Ka,Paleoceanography,,3,10,zhao1995molecularstratigraphyofco,10.1029/94PA03354,,10.1594/PANGAEA.52711,,MarineSediment,,,,,,,year,AD,,,,,,-3902.35,,137,22589,98,1.180139931,0,,,,,http://lipdverse.org/test/0_8_1/ODP658C_UK37.Zhao.1995.html,
ROWfAA3k0CB,matlab,ODP658C_UK37.Zhao.1995,ODP658C,,20.75,-18.58,-2263,1995,"Zhao, M.",Molecular stratigraphy of cores off northwest Africa: Sea surface temperature history over the last 80 Ka,Paleoceanography,,3,10,zhao1995molecularstratigraphyofco,10.1029/94PA03354,,10.1594/PANGAEA.52711,,MarineSediment,,,,,,,age,BP,,,,,,5852.35,,137,22589,98,1.180139931,0,,,,,http://lipdverse.org/test/0_8_1/ODP658C_UK37.Zhao.1995.html,
LPD9c79485dxxxx,matlab,ODP658C_UK37.Zhao.1995,ODP658C,,20.75,-18.58,-2263,1995,"Zhao, M.",Molecular stratigraphy of cores off northwest Africa: Sea surface temperature history over the last 80 Ka,Paleoceanography,,3,10,zhao1995molecularstratigraphyofco,10.1029/94PA03354,,10.1594/PANGAEA.52711,,MarineSediment,alkenone,alkenone,UK37,,,,temperature,degC,abs,T,sea@surface,annual,annual,20.48940833,positive,137,22589,98,1.180139931,0,Temp12k,,"LJ, OC",contains suspicious temperature drop around 800-900,http://lipdverse.org/test/0_8_1/ODP658C_UK37.Zhao.1995.html,
LPDb217bdbexxxx,matlab,ODP658C_UK37.Zhao.1995,ODP658C,,20.75,-18.58,-2263,1995,"Zhao, M.",Molecular stratigraphy of cores off northwest Africa: Sea surface temperature history over the last 80 Ka,Paleoceanography,,3,10,zhao1995molecularstratigraphyofco,10.1029/94PA03354,,10.1594/PANGAEA.52711,,MarineSediment,,,,,,,Uk37,,,,,,,0.7358333333,,137,22589,98,1.180139931,0,,,,,http://lipdverse.org/test/0_8_1/ODP658C_UK37.Zhao.1995.html,
LPDb217bdbexxxx_SST_from_Uk37,matlab,ODP658C_UK37.Zhao.1995,ODP658C,,20.75,-18.58,-2263,1995,"Zhao, M.",Molecular stratigraphy of cores off northwest Africa: Sea surface temperature history over the last 80 Ka,Paleoceanography,,3,10,zhao1995molecularstratigraphyofco,10.1029/94PA03354,,10.1594/PANGAEA.52711,,MarineSediment,,,,,,"SST calculated from Uk37 (TSid=LPDb217bdbexxxx) using the BAYSPLINE program UK_predict.  Parameters: pstd=10, bayes=unspecified",SST_from_Uk37,degC,,,,,,20.22064183,,137,22589,98,1.180139931,0,,,,,http://lipdverse.org/test/0_8_1/ODP658C_UK37.Zhao.1995.html,
WEB781080f6,matlab,TN062-0550.Barron.2018,TN062-0550,Pacific Ocean>North Pacific Ocean,40.8656,-124.573,-569,2018,"Barron, John A.; Bukry, David; Heusser, Linda E.; Addison, Jason A.; Alexander, Clark R.","High-resolution climate of the past   _7300 years of coastal northernmost California: Results from diatoms, silicoflagellates, and pollen",Quaternary International,109   119,,469,S4IFMCS6,10.1016/j.quaint.2016.10.039,,this compilation,not in Neotoma,MarineSediment,,,,,,,depth,cm,,,,,,339.2442529,,263.5,7331.82,85.48,1.697716006,0.1414763338,,,,,http://lipdverse.org/test/0_8_1/TN062-0550.Barron.2018.html,
WEBcc4cbdf0,matlab,TN062-0550.Barron.2018,TN062-0550,Pacific Ocean>North Pacific Ocean,40.8656,-124.573,-569,2018,"Barron, John A.; Bukry, David; Heusser, Linda E.; Addison, Jason A.; Alexander, Clark R.","High-resolution climate of the past   _7300 years of coastal northernmost California: Results from diatoms, silicoflagellates, and pollen",Quaternary International,109   119,,469,S4IFMCS6,10.1016/j.quaint.2016.10.039,,this compilation,not in Neotoma,MarineSediment,,,,,,,ageMin,BP,,,,,,3327.331609,,263.5,7331.82,85.48,1.697716006,0.1414763338,,,,,http://lipdverse.org/test/0_8_1/TN062-0550.Barron.2018.html,
WEBd7ecd022,matlab,TN062-0550.Barron.2018,TN062-0550,Pacific Ocean>North Pacific Ocean,40.8656,-124.573,-569,2018,"Barron, John A.; Bukry, David; Heusser, Linda E.; Addison, Jason A.; Alexander, Clark R.","High-resolution climate of the past   _7300 years of coastal northernmost California: Results from diatoms, silicoflagellates, and pollen",Quaternary International,109   119,,469,S4IFMCS6,10.1016/j.quaint.2016.10.039,,this compilation,not in Neotoma,MarineSediment,,,,,,,max_age_95,BP,,,,,,3667.889885,,263.5,7331.82,85.48,1.697716006,0.1414763338,,,,,http://lipdverse.org/test/0_8_1/TN062-0550.Barron.2018.html,
WEB733ba661,matlab,TN062-0550.Barron.2018,TN062-0550,Pacific Ocean>North Pacific Ocean,40.8656,-124.573,-569,2018,"Barron, John A.; Bukry, David; Heusser, Linda E.; Addison, Jason A.; Alexander, Clark R.","High-resolution climate of the past   _7300 years of coastal northernmost California: Results from diatoms, silicoflagellates, and pollen",Quaternary International,109   119,,469,S4IFMCS6,10.1016/j.quaint.2016.10.039,,this compilation,not in Neotoma,MarineSediment,,,,,,,age,BP,,,,,,3498.547586,,263.5,7331.82,85.48,1.697716006,0.1414763338,,,,,http://lipdverse.org/test/0_8_1/TN062-0550.Barron.2018.html,
WEB1b8fd351,matlab,TN062-0550.Barron.2018,TN062-0550,Pacific Ocean>North Pacific Ocean,40.8656,-124.573,-569,2018,"Barron, John A.; Bukry, David; Heusser, Linda E.; Addison, Jason A.; Alexander, Clark R.","High-resolution climate of the past   _7300 years of coastal northernmost California: Results from diatoms, silicoflagellates, and pollen",Quaternary International,109   119,,469,S4IFMCS6,10.1016/j.quaint.2016.10.039,,this compilation,not in Neotoma,MarineSediment,,,,,,,BSi,percent,,,,,,4.513896552,,263.5,7331.82,85.48,1.697716006,0.1414763338,,,,,http://lipdverse.org/test/0_8_1/TN062-0550.Barron.2018.html,
WEBc019f917,matlab,TN062-0550.Barron.2018,TN062-0550,Pacific Ocean>North Pacific Ocean,40.8656,-124.573,-569,2018,"Barron, John A.; Bukry, David; Heusser, Linda E.; Addison, Jason A.; Alexander, Clark R.","High-resolution climate of the past   _7300 years of coastal northernmost California: Results from diatoms, silicoflagellates, and pollen",Quaternary International,109   119,,469,S4IFMCS6,10.1016/j.quaint.2016.10.039,,this compilation,not in Neotoma,MarineSediment,,,,,,,BSI_regime,percent,,,,,,4.493356322,,263.5,7331.82,85.48,1.697716006,0.1414763338,,,,,http://lipdverse.org/test/0_8_1/TN062-0550.Barron.2018.html,
WEB3291d830,matlab,TN062-0550.Barron.2018,TN062-0550,Pacific Ocean>North Pacific Ocean,40.8656,-124.573,-569,2018,"Barron, John A.; Bukry, David; Heusser, Linda E.; Addison, Jason A.; Alexander, Clark R.","High-resolution climate of the past   _7300 years of coastal northernmost California: Results from diatoms, silicoflagellates, and pollen",Quaternary International,109   119,,469,S4IFMCS6,10.1016/j.quaint.2016.10.039,,this compilation,not in Neotoma,MarineSediment,,,,,,,TOC,percent,,,,,,-343.7600575,,263.5,7331.82,85.48,1.697716006,0.1414763338,,,,,http://lipdverse.org/test/0_8_1/TN062-0550.Barron.2018.html,
WEBf0918d86,matlab,TN062-0550.Barron.2018,TN062-0550,Pacific Ocean>North Pacific Ocean,40.8656,-124.573,-569,2018,"Barron, John A.; Bukry, David; Heusser, Linda E.; Addison, Jason A.; Alexander, Clark R.","High-resolution climate of the past   _7300 years of coastal northernmost California: Results from diatoms, silicoflagellates, and pollen",Quaternary International,109   119,,469,S4IFMCS6,10.1016/j.quaint.2016.10.039,,this compilation,not in Neotoma,MarineSediment,,,,,,,TN,percent,,,,,,-344.6904023,,263.5,7331.82,85.48,1.697716006,0.1414763338,,,,,http://lipdverse.org/test/0_8_1/TN062-0550.Barron.2018.html,
WEBf33edba5,matlab,TN062-0550.Barron.2018,TN062-0550,Pacific Ocean>North Pacific Ocean,40.8656,-124.573,-569,2018,"Barron, John A.; Bukry, David; Heusser, Linda E.; Addison, Jason A.; Alexander, Clark R.","High-resolution climate of the past   _7300 years of coastal northernmost California: Results from diatoms, silicoflagellates, and pollen",Quaternary International,109   119,,469,S4IFMCS6,10.1016/j.quaint.2016.10.039,,this compilation,not in Neotoma,MarineSediment,,,,,,,NC,,,,,,,-344.7112299,,263.5,7331.82,85.48,1.697716006,0.1414763338,,,,,http://lipdverse.org/test/0_8_1/TN062-0550.Barron.2018.html,
WEB3909c600,matlab,TN062-0550.Barron.2018,TN062-0550,Pacific Ocean>North Pacific Ocean,40.8656,-124.573,-569,2018,"Barron, John A.; Bukry, David; Heusser, Linda E.; Addison, Jason A.; Alexander, Clark R.","High-resolution climate of the past   _7300 years of coastal northernmost California: Results from diatoms, silicoflagellates, and pollen",Quaternary International,109   119,,469,S4IFMCS6,10.1016/j.quaint.2016.10.039,,this compilation,not in Neotoma,MarineSediment,,,,,,,d13C,permil,,,,,,-367.9487701,,263.5,7331.82,85.48,1.697716006,0.1414763338,,,,,http://lipdverse.org/test/0_8_1/TN062-0550.Barron.2018.html,
WEBa7114cc3,matlab,TN062-0550.Barron.2018,TN062-0550,Pacific Ocean>North Pacific Ocean,40.8656,-124.573,-569,2018,"Barron, John A.; Bukry, David; Heusser, Linda E.; Addison, Jason A.; Alexander, Clark R.","High-resolution climate of the past   _7300 years of coastal northernmost California: Results from diatoms, silicoflagellates, and pollen",Quaternary International,109   119,,469,S4IFMCS6,10.1016/j.quaint.2016.10.039,,this compilation,not in Neotoma,MarineSediment,,,,,,,d15N,permil,,,,,,-340.4058621,,263.5,7331.82,85.48,1.697716006,0.1414763338,,,,,http://lipdverse.org/test/0_8_1/TN062-0550.Barron.2018.html,
WEBe8c80314,matlab,TN062-0550.Barron.2018,TN062-0550,Pacific Ocean>North Pacific Ocean,40.8656,-124.573,-569,2018,"Barron, John A.; Bukry, David; Heusser, Linda E.; Addison, Jason A.; Alexander, Clark R.","High-resolution climate of the past   _7300 years of coastal northernmost California: Results from diatoms, silicoflagellates, and pollen",Quaternary International,109   119,,469,S4IFMCS6,10.1016/j.quaint.2016.10.039,,this compilation,not in Neotoma,MarineSediment,,,,,,,depthRange,cm,,,,,,,,,,85.48,,,,,,,http://lipdverse.org/test/0_8_1/TN062-0550.Barron.2018.html,
WEB9bb9e2f9,matlab,TN062-0550.Barron.2018,TN062-0550,Pacific Ocean>North Pacific Ocean,40.8656,-124.573,-569,2018,"Barron, John A.; Bukry, David; Heusser, Linda E.; Addison, Jason A.; Alexander, Clark R.","High-resolution climate of the past   _7300 years of coastal northernmost California: Results from diatoms, silicoflagellates, and pollen",Quaternary International,109   119,,469,S4IFMCS6,10.1016/j.quaint.2016.10.039,,this compilation,not in Neotoma,MarineSediment,,,,,,,depth,cm,,,,,,251.1091954,,263.5,7331.82,85.48,1.697716006,0.1414763338,,,,,http://lipdverse.org/test/0_8_1/TN062-0550.Barron.2018.html,
WEB5bbb384d,matlab,TN062-0550.Barron.2018,TN062-0550,Pacific Ocean>North Pacific Ocean,40.8656,-124.573,-569,2018,"Barron, John A.; Bukry, David; Heusser, Linda E.; Addison, Jason A.; Alexander, Clark R.","High-resolution climate of the past   _7300 years of coastal northernmost California: Results from diatoms, silicoflagellates, and pollen",Quaternary International,109   119,,469,S4IFMCS6,10.1016/j.quaint.2016.10.039,,this compilation,not in Neotoma,MarineSediment,,,,,,,age,BP,,,,,,2840.50046,,263.5,7331.82,85.48,1.697716006,0.1414763338,,,,,http://lipdverse.org/test/0_8_1/TN062-0550.Barron.2018.html,
WEB5f263302,matlab,TN062-0550.Barron.2018,TN062-0550,Pacific Ocean>North Pacific Ocean,40.8656,-124.573,-569,2018,"Barron, John A.; Bukry, David; Heusser, Linda E.; Addison, Jason A.; Alexander, Clark R.","High-resolution climate of the past   _7300 years of coastal northernmost California: Results from diatoms, silicoflagellates, and pollen",Quaternary International,109   119,,469,S4IFMCS6,10.1016/j.quaint.2016.10.039,,this compilation,not in Neotoma,MarineSediment,,,,,,,Calibrated,,,,,,,,,,,85.48,,,,,,,http://lipdverse.org/test/0_8_1/TN062-0550.Barron.2018.html,
WEBe7dad2eb,matlab,TN062-0550.Barron.2018,TN062-0550,Pacific Ocean>North Pacific Ocean,40.8656,-124.573,-569,2018,"Barron, John A.; Bukry, David; Heusser, Linda E.; Addison, Jason A.; Alexander, Clark R.","High-resolution climate of the past   _7300 years of coastal northernmost California: Results from diatoms, silicoflagellates, and pollen",Quaternary International,109   119,,469,S4IFMCS6,10.1016/j.quaint.2016.10.039,,this compilation,not in Neotoma,MarineSediment,pollen,pollen,assemblage,,,,Picea,percent,,T,air@surface,winter,winterOnly,6.71283908,positive,263.5,7331.82,85.48,1.697716006,0.1414763338,Temp12k,,"TB, LJ",this is a marine sediment record with terrestrial pollen. The reconstruction is therefore not necessarily representative of the precise location,http://lipdverse.org/test/0_8_1/TN062-0550.Barron.2018.html,
WEBa93dede4,matlab,TN062-0550.Barron.2018,TN062-0550,Pacific Ocean>North Pacific Ocean,40.8656,-124.573,-569,2018,"Barron, John A.; Bukry, David; Heusser, Linda E.; Addison, Jason A.; Alexander, Clark R.","High-resolution climate of the past   _7300 years of coastal northernmost California: Results from diatoms, silicoflagellates, and pollen",Quaternary International,109   119,,469,S4IFMCS6,10.1016/j.quaint.2016.10.039,,this compilation,not in Neotoma,MarineSediment,,pollen,,,,,Sequoia,percent,,M,upwelling/coastal fog,not specified,,28.09627586,positive,263.5,7331.82,85.48,1.697716006,0.1414763338,,,,,http://lipdverse.org/test/0_8_1/TN062-0550.Barron.2018.html,
WEB49245d00,matlab,TN062-0550.Barron.2018,TN062-0550,Pacific Ocean>North Pacific Ocean,40.8656,-124.573,-569,2018,"Barron, John A.; Bukry, David; Heusser, Linda E.; Addison, Jason A.; Alexander, Clark R.","High-resolution climate of the past   _7300 years of coastal northernmost California: Results from diatoms, silicoflagellates, and pollen",Quaternary International,109   119,,469,S4IFMCS6,10.1016/j.quaint.2016.10.039,,this compilation,not in Neotoma,MarineSediment,,pollen,,,,,Quercus,percent,,M,eff,Summer,,11.29304598,negative,263.5,7331.82,85.48,1.697716006,0.1414763338,,,,,http://lipdverse.org/test/0_8_1/TN062-0550.Barron.2018.html,
WEBeb8b7a07,matlab,TN062-0550.Barron.2018,TN062-0550,Pacific Ocean>North Pacific Ocean,40.8656,-124.573,-569,2018,"Barron, John A.; Bukry, David; Heusser, Linda E.; Addison, Jason A.; Alexander, Clark R.","High-resolution climate of the past   _7300 years of coastal northernmost California: Results from diatoms, silicoflagellates, and pollen",Quaternary International,109   119,,469,S4IFMCS6,10.1016/j.quaint.2016.10.039,,this compilation,not in Neotoma,MarineSediment,,pollen,,,,,Alnus,percent,,M,,not specified,,15.46857471,positive,263.5,7331.82,85.48,1.697716006,0.1414763338,,,,,http://lipdverse.org/test/0_8_1/TN062-0550.Barron.2018.html,
WEB7439db68,matlab,TN062-0550.Barron.2018,TN062-0550,Pacific Ocean>North Pacific Ocean,40.8656,-124.573,-569,2018,"Barron, John A.; Bukry, David; Heusser, Linda E.; Addison, Jason A.; Alexander, Clark R.","High-resolution climate of the past   _7300 years of coastal northernmost California: Results from diatoms, silicoflagellates, and pollen",Quaternary International,109   119,,469,S4IFMCS6,10.1016/j.quaint.2016.10.039,,this compilation,not in Neotoma,MarineSediment,,,,,,,depthRange,cm,,,,,,833.8712871,,221.64,7333.1,68.82,1.687417211,0.1406181009,,,,,http://lipdverse.org/test/0_8_1/TN062-0550.Barron.2018.html,
WEB39869b05,matlab,TN062-0550.Barron.2018,TN062-0550,Pacific Ocean>North Pacific Ocean,40.8656,-124.573,-569,2018,"Barron, John A.; Bukry, David; Heusser, Linda E.; Addison, Jason A.; Alexander, Clark R.","High-resolution climate of the past   _7300 years of coastal northernmost California: Results from diatoms, silicoflagellates, and pollen",Quaternary International,109   119,,469,S4IFMCS6,10.1016/j.quaint.2016.10.039,,this compilation,not in Neotoma,MarineSediment,,,,,,,depth,cm,,,,,,285.6386139,,221.64,7333.1,68.82,1.687417211,0.1406181009,,,,,http://lipdverse.org/test/0_8_1/TN062-0550.Barron.2018.html,
WEB3b97d1b8,matlab,TN062-0550.Barron.2018,TN062-0550,Pacific Ocean>North Pacific Ocean,40.8656,-124.573,-569,2018,"Barron, John A.; Bukry, David; Heusser, Linda E.; Addison, Jason A.; Alexander, Clark R.","High-resolution climate of the past   _7300 years of coastal northernmost California: Results from diatoms, silicoflagellates, and pollen",Quaternary International,109   119,,469,S4IFMCS6,10.1016/j.quaint.2016.10.039,,this compilation,not in Neotoma,MarineSediment,,,,,,,age,BP,,,,,,3200.167426,,221.64,7333.1,68.82,1.687417211,0.1406181009,,,,,http://lipdverse.org/test/0_8_1/TN062-0550.Barron.2018.html,
WEB1edd6bbb,matlab,TN062-0550.Barron.2018,TN062-0550,Pacific Ocean>North Pacific Ocean,40.8656,-124.573,-569,2018,"Barron, John A.; Bukry, David; Heusser, Linda E.; Addison, Jason A.; Alexander, Clark R.","High-resolution climate of the past   _7300 years of coastal northernmost California: Results from diatoms, silicoflagellates, and pollen",Quaternary International,109   119,,469,S4IFMCS6,10.1016/j.quaint.2016.10.039,,this compilation,not in Neotoma,MarineSediment,,,,,,,Calibrated,,,,,,,,,,,68.82,,,,,,,http://lipdverse.org/test/0_8_1/TN062-0550.Barron.2018.html,
WEB05d286cd,matlab,TN062-0550.Barron.2018,TN062-0550,Pacific Ocean>North Pacific Ocean,40.8656,-124.573,-569,2018,"Barron, John A.; Bukry, David; Heusser, Linda E.; Addison, Jason A.; Alexander, Clark R.","High-resolution climate of the past   _7300 years of coastal northernmost California: Results from diatoms, silicoflagellates, and pollen",Quaternary International,109   119,,469,S4IFMCS6,10.1016/j.quaint.2016.10.039,,this compilation,not in Neotoma,MarineSediment,,,,,,,Fragilariopsis,percent,,,,,,7.482178218,,221.64,7333.1,68.82,1.687417211,0.1406181009,,,,,http://lipdverse.org/test/0_8_1/TN062-0550.Barron.2018.html,
WEBafc93b60,matlab,TN062-0550.Barron.2018,TN062-0550,Pacific Ocean>North Pacific Ocean,40.8656,-124.573,-569,2018,"Barron, John A.; Bukry, David; Heusser, Linda E.; Addison, Jason A.; Alexander, Clark R.","High-resolution climate of the past   _7300 years of coastal northernmost California: Results from diatoms, silicoflagellates, and pollen",Quaternary International,109   119,,469,S4IFMCS6,10.1016/j.quaint.2016.10.039,,this compilation,not in Neotoma,MarineSediment,,,,,,,depthRange,cm,,,,,,-1.393939394,,220,6300,140,1.973684211,0.1644736842,,,,,http://lipdverse.org/test/0_8_1/TN062-0550.Barron.2018.html,
WEB3e7e56fc,matlab,TN062-0550.Barron.2018,TN062-0550,Pacific Ocean>North Pacific Ocean,40.8656,-124.573,-569,2018,"Barron, John A.; Bukry, David; Heusser, Linda E.; Addison, Jason A.; Alexander, Clark R.","High-resolution climate of the past   _7300 years of coastal northernmost California: Results from diatoms, silicoflagellates, and pollen",Quaternary International,109   119,,469,S4IFMCS6,10.1016/j.quaint.2016.10.039,,this compilation,not in Neotoma,MarineSediment,,,,,,,depth,cm,,,,,,245.8181818,,220,6300,140,1.973684211,0.1644736842,,,,,http://lipdverse.org/test/0_8_1/TN062-0550.Barron.2018.html,
WEB52b1937a,matlab,TN062-0550.Barron.2018,TN062-0550,Pacific Ocean>North Pacific Ocean,40.8656,-124.573,-569,2018,"Barron, John A.; Bukry, David; Heusser, Linda E.; Addison, Jason A.; Alexander, Clark R.","High-resolution climate of the past   _7300 years of coastal northernmost California: Results from diatoms, silicoflagellates, and pollen",Quaternary International,109   119,,469,S4IFMCS6,10.1016/j.quaint.2016.10.039,,this compilation,not in Neotoma,MarineSediment,,,,,,,age,BP,,,,,,2825.454545,,220,6300,140,1.973684211,0.1644736842,,,,,http://lipdverse.org/test/0_8_1/TN062-0550.Barron.2018.html,
WEB173a177b,matlab,TN062-0550.Barron.2018,TN062-0550,Pacific Ocean>North Pacific Ocean,40.8656,-124.573,-569,2018,"Barron, John A.; Bukry, David; Heusser, Linda E.; Addison, Jason A.; Alexander, Clark R.","High-resolution climate of the past   _7300 years of coastal northernmost California: Results from diatoms, silicoflagellates, and pollen",Quaternary International,109   119,,469,S4IFMCS6,10.1016/j.quaint.2016.10.039,,this compilation,not in Neotoma,MarineSediment,,,,,,,Calibrated,,,,,,,,,,,140,,,,,,,http://lipdverse.org/test/0_8_1/TN062-0550.Barron.2018.html,
WEB47918ab8,matlab,TN062-0550.Barron.2018,TN062-0550,Pacific Ocean>North Pacific Ocean,40.8656,-124.573,-569,2018,"Barron, John A.; Bukry, David; Heusser, Linda E.; Addison, Jason A.; Alexander, Clark R.","High-resolution climate of the past   _7300 years of coastal northernmost California: Results from diatoms, silicoflagellates, and pollen",Quaternary International,109   119,,469,S4IFMCS6,10.1016/j.quaint.2016.10.039,,this compilation,not in Neotoma,MarineSediment,,diatom,,,,,Dc_stapedia,percent,,upwelling,,Summer,,19.07409091,negative,220,6300,140,1.973684211,0.1644736842,,,,,http://lipdverse.org/test/0_8_1/TN062-0550.Barron.2018.html,
WEB5e293c85,matlab,TN062-0550.Barron.2018,TN062-0550,Pacific Ocean>North Pacific Ocean,40.8656,-124.573,-569,2018,"Barron, John A.; Bukry, David; Heusser, Linda E.; Addison, Jason A.; Alexander, Clark R.","High-resolution climate of the past   _7300 years of coastal northernmost California: Results from diatoms, silicoflagellates, and pollen",Quaternary International,109   119,,469,S4IFMCS6,10.1016/j.quaint.2016.10.039,,this compilation,not in Neotoma,MarineSediment,,diatom,,,,,Dc_stapedia_aspinosa,percent,,upwelling,,Summer,,0,negative,220,6300,140,1.973684211,0.1644736842,,,,,http://lipdverse.org/test/0_8_1/TN062-0550.Barron.2018.html,
WEBfd6711c4,matlab,TN062-0550.Barron.2018,TN062-0550,Pacific Ocean>North Pacific Ocean,40.8656,-124.573,-569,2018,"Barron, John A.; Bukry, David; Heusser, Linda E.; Addison, Jason A.; Alexander, Clark R.","High-resolution climate of the past   _7300 years of coastal northernmost California: Results from diatoms, silicoflagellates, and pollen",Quaternary International,109   119,,469,S4IFMCS6,10.1016/j.quaint.2016.10.039,,this compilation,not in Neotoma,MarineSediment,,diatom,,,,,Dc_stapedia_spinosa,percent,,upwelling,,Summer,,4.01230303,negative,220,6300,140,1.973684211,0.1644736842,,,,,http://lipdverse.org/test/0_8_1/TN062-0550.Barron.2018.html,
WEB773c247c,matlab,TN062-0550.Barron.2018,TN062-0550,Pacific Ocean>North Pacific Ocean,40.8656,-124.573,-569,2018,"Barron, John A.; Bukry, David; Heusser, Linda E.; Addison, Jason A.; Alexander, Clark R.","High-resolution climate of the past   _7300 years of coastal northernmost California: Results from diatoms, silicoflagellates, and pollen",Quaternary International,109   119,,469,S4IFMCS6,10.1016/j.quaint.2016.10.039,,this compilation,not in Neotoma,MarineSediment,,diatom,,,,,total_Dc_stapedia,percent,,upwelling,,Summer,,23.08642424,negative,220,6300,140,1.973684211,0.1644736842,,,,,http://lipdverse.org/test/0_8_1/TN062-0550.Barron.2018.html,
WEBd49b515b,matlab,TN062-0550.Barron.2018,TN062-0550,Pacific Ocean>North Pacific Ocean,40.8656,-124.573,-569,2018,"Barron, John A.; Bukry, David; Heusser, Linda E.; Addison, Jason A.; Alexander, Clark R.","High-resolution climate of the past   _7300 years of coastal northernmost California: Results from diatoms, silicoflagellates, and pollen",Quaternary International,109   119,,469,S4IFMCS6,10.1016/j.quaint.2016.10.039,,this compilation,not in Neotoma,MarineSediment,,diatom,,,,,S_speculum_var_minutus,percent,,upwelling,,Summer,,40.60006061,positive,220,6300,140,1.973684211,0.1644736842,,,,,http://lipdverse.org/test/0_8_1/TN062-0550.Barron.2018.html,
GH3ae0bcef,matlab,Vuoskkujavri.Bigler.2002,Vuoskkujavri,Europe>Northern Europe>Scandinavia>Sweden,68.33,19.1,348,2004,"Larocque, I","Holocene temperature estimates and chironomid community composition in the Abisko Valley, northern Sweden",Quaternary Science Reviews,2453   2465,23-24,23,9YNI5D5X,10.1016/j.quascirev.2004.04.006,,www.ncdc.noaa.gov/paleo-search/study/15444,not in Neotoma,LakeSediment,chironomid,chironomid,assemblage,,7,,temperature,degC,abs,T,air@surface,Summer,summerOnly,11.78567742,positive,0,10200,176,0,0.09803921569,Tverse,,MT,DUPLICATE entry. defer to: vuoskkujavri.Bigler.2002,http://lipdverse.org/test/0_8_1/Vuoskkujavri.Bigler.2002.html,
RBfUDERUSTr,matlab,Vuoskkujavri.Bigler.2002,Vuoskkujavri,Europe>Northern Europe>Scandinavia>Sweden,68.33,19.1,348,2004,"Larocque, I","Holocene temperature estimates and chironomid community composition in the Abisko Valley, northern Sweden",Quaternary Science Reviews,2453   2465,23-24,23,9YNI5D5X,10.1016/j.quascirev.2004.04.006,,www.ncdc.noaa.gov/paleo-search/study/15444,not in Neotoma,LakeSediment,,,,,,,year,AD,,,,,,-2806.548387,,0,10200,176,0,0.09803921569,,,,,http://lipdverse.org/test/0_8_1/Vuoskkujavri.Bigler.2002.html,
RowlMtp52tF,matlab,Vuoskkujavri.Bigler.2002,Vuoskkujavri,Europe>Northern Europe>Scandinavia>Sweden,68.33,19.1,348,2004,"Larocque, I","Holocene temperature estimates and chironomid community composition in the Abisko Valley, northern Sweden",Quaternary Science Reviews,2453   2465,23-24,23,9YNI5D5X,10.1016/j.quascirev.2004.04.006,,www.ncdc.noaa.gov/paleo-search/study/15444,not in Neotoma,LakeSediment,,,,,,,age,BP,,,,,,4756.548387,,0,10200,176,0,0.09803921569,,,,,http://lipdverse.org/test/0_8_1/Vuoskkujavri.Bigler.2002.html,
PYTOE26FBXM,matlab,Vuoskkujavri.Bigler.2002,Vuoskkujavri,Europe>Northern Europe>Scandinavia>Sweden,68.33,19.1,348,2004,"Larocque, I","Holocene temperature estimates and chironomid community composition in the Abisko Valley, northern Sweden",Quaternary Science Reviews,2453   2465,23-24,23,9YNI5D5X,10.1016/j.quascirev.2004.04.006,,www.ncdc.noaa.gov/paleo-search/study/15444,not in Neotoma,LakeSediment,,,,,,,age,BP,,,,,,4989.115968,,0,10200,176,0,0.09803921569,,,,,http://lipdverse.org/test/0_8_1/Vuoskkujavri.Bigler.2002.html,
PYT5NNRROEV,matlab,Vuoskkujavri.Bigler.2002,Vuoskkujavri,Europe>Northern Europe>Scandinavia>Sweden,68.33,19.1,348,2004,"Larocque, I","Holocene temperature estimates and chironomid community composition in the Abisko Valley, northern Sweden",Quaternary Science Reviews,2453   2465,23-24,23,9YNI5D5X,10.1016/j.quascirev.2004.04.006,,www.ncdc.noaa.gov/paleo-search/study/15444,not in Neotoma,LakeSediment,chironomid,chironomid,assemblage,WAPLS,7,100-lake training set from Sweden (Larocque et al. 2001),temperature,degC,abs,T,air@surface,Summer,summerOnly,11.78080645,positive,0,10200,176,0,0.09803921569,Temp12k,,"MT, SE",,http://lipdverse.org/test/0_8_1/Vuoskkujavri.Bigler.2002.html,
PYTVOH06A1P,matlab,Vuoskkujavri.Bigler.2002,Vuoskkujavri,Europe>Northern Europe>Scandinavia>Sweden,68.33,19.1,348,2004,"Larocque, I","Holocene temperature estimates and chironomid community composition in the Abisko Valley, northern Sweden",Quaternary Science Reviews,2453   2465,23-24,23,9YNI5D5X,10.1016/j.quascirev.2004.04.006,,www.ncdc.noaa.gov/paleo-search/study/15444,not in Neotoma,LakeSediment,,,,,,,age,BP,,,,,,3291.893846,,-41.63,10042.38,171.825,0,0.09916689888,,,,,http://lipdverse.org/test/0_8_1/Vuoskkujavri.Bigler.2002.html,
PYTCDW3ELK3,matlab,Vuoskkujavri.Bigler.2002,Vuoskkujavri,Europe>Northern Europe>Scandinavia>Sweden,68.33,19.1,348,2004,"Larocque, I","Holocene temperature estimates and chironomid community composition in the Abisko Valley, northern Sweden",Quaternary Science Reviews,2453   2465,23-24,23,9YNI5D5X,10.1016/j.quascirev.2004.04.006,,www.ncdc.noaa.gov/paleo-search/study/15444,not in Neotoma,LakeSediment,other microfossil,diatom,assemblage,,,,temperature,degC,,T,air@surface,7,summerOnly,12.15266667,positive,-41.63,10042.38,171.825,0,0.09916689888,Temp12k,,DSK,,http://lipdverse.org/test/0_8_1/Vuoskkujavri.Bigler.2002.html,
PYTJLZO68GY,matlab,Vuoskkujavri.Bigler.2002,Vuoskkujavri,Europe>Northern Europe>Scandinavia>Sweden,68.33,19.1,348,2004,"Larocque, I","Holocene temperature estimates and chironomid community composition in the Abisko Valley, northern Sweden",Quaternary Science Reviews,2453   2465,23-24,23,9YNI5D5X,10.1016/j.quascirev.2004.04.006,,www.ncdc.noaa.gov/paleo-search/study/15444,not in Neotoma,LakeSediment,,,,,,,age,BP,,,,,,3732.69413,,-41.63,8410.04,171.83,0,0.1183198114,,,,,http://lipdverse.org/test/0_8_1/Vuoskkujavri.Bigler.2002.html,
PYT8K9SZXFO,matlab,Vuoskkujavri.Bigler.2002,Vuoskkujavri,Europe>Northern Europe>Scandinavia>Sweden,68.33,19.1,348,2004,"Larocque, I","Holocene temperature estimates and chironomid community composition in the Abisko Valley, northern Sweden",Quaternary Science Reviews,2453   2465,23-24,23,9YNI5D5X,10.1016/j.quascirev.2004.04.006,,www.ncdc.noaa.gov/paleo-search/study/15444,not in Neotoma,LakeSediment,pollen,pollen,assemblage,WAPLS,,,temperature,degC,abs,T,air@surface,1,winter+,-11.32384783,positive,-41.63,8410.04,171.83,0,0.1183198114,Temp12k,,TB,,http://lipdverse.org/test/0_8_1/Vuoskkujavri.Bigler.2002.html,
PYT6GVRSFN5,matlab,Vuoskkujavri.Bigler.2002,Vuoskkujavri,Europe>Northern Europe>Scandinavia>Sweden,68.33,19.1,348,2004,"Larocque, I","Holocene temperature estimates and chironomid community composition in the Abisko Valley, northern Sweden",Quaternary Science Reviews,2453   2465,23-24,23,9YNI5D5X,10.1016/j.quascirev.2004.04.006,,www.ncdc.noaa.gov/paleo-search/study/15444,not in Neotoma,LakeSediment,,pollen,assemblage,,,,precipitation,mm,,M,precip@surface,annual,annual,690.5181522,positive,-41.63,8410.04,171.83,0,0.1183198114,,,,,http://lipdverse.org/test/0_8_1/Vuoskkujavri.Bigler.2002.html,
WEB47072267,matlab,Vuoskkujavri.Bigler.2002,Vuoskkujavri,Europe>Northern Europe>Scandinavia>Sweden,68.33,19.1,348,2004,"Larocque, I","Holocene temperature estimates and chironomid community composition in the Abisko Valley, northern Sweden",Quaternary Science Reviews,2453   2465,23-24,23,9YNI5D5X,10.1016/j.quascirev.2004.04.006,,www.ncdc.noaa.gov/paleo-search/study/15444,not in Neotoma,LakeSediment,pollen,pollen,assemblage,,,,temperature,degC,,T,air@surface,Summer,summer+,12.36088889,positive,-41.63,7722.74,171.83,0,0.1287934501,Temp12k,,DSK,,http://lipdverse.org/test/0_8_1/Vuoskkujavri.Bigler.2002.html,
RT1Bytelilf,matlab,Vuoskkujavri.Bigler.2002,Vuoskkujavri,Europe>Northern Europe>Scandinavia>Sweden,68.33,19.1,348,2004,"Larocque, I","Holocene temperature estimates and chironomid community composition in the Abisko Valley, northern Sweden",Quaternary Science Reviews,2453   2465,23-24,23,9YNI5D5X,10.1016/j.quascirev.2004.04.006,,www.ncdc.noaa.gov/paleo-search/study/15444,not in Neotoma,LakeSediment,pollen,pollen,assemblage,WAPLS,,,temperatureComposite,degC,anom,T,air@surface,1; summer,annual,0.00641884058,positive,-41.63,8410.04,171.83,0,0.1183198114,Temp12k,,TB,"this timeseries was composited programmatically, with the assumption that all values are measured at equivalent levels",http://lipdverse.org/test/0_8_1/Vuoskkujavri.Bigler.2002.html,